1778449986895 9.91046
1778449986915 9.91094
1778449986936 9.91143
1778449986958 9.91178
1778449986978 9.91177
1778449987001 9.91122
1778449987022 9.91017
1778449987042 9.9086
1778449987063 9.90655
1778449987083 9.9041
1778449987104 9.90102
1778449987124 9.89773
1778449987145 9.89389
1778449987166 9.88936
1778449987187 9.88428
1778449987207 9.87842
1778449987230 9.87107
1778449987250 9.8639
1778449987271 9.85587
1778449987292 9.84758
1778449987312 9.83959
1778449987332 9.83175
1778449987355 9.82344
1778449987375 9.81658
1778449987398 9.80965
1778449987418 9.80404
1778449987441 9.79828
1778449987462 9.79331
1778449987482 9.78859
1778449987502 9.78392
1778449987522 9.77921
1778449987543 9.77448
1778449987563 9.76991
1778449987584 9.76528
1778449987606 9.76066
1778449987627 9.75622
1778449987648 9.75201
1778449987669 9.7478
1778449987691 9.74331
1778449987711 9.73894
1778449987732 9.73424
1778449987752 9.72966
1778449987773 9.72498
1778449987793 9.7207
1778449987814 9.71683
1778449987835 9.71366
1778449987856 9.71153
1778449987877 9.71049
1778449987897 9.71051
1778449987917 9.71146
1778449987937 9.71322
1778449987958 9.71567
1778449987978 9.71853
1778449987999 9.7219
1778449988019 9.72545
1778449988040 9.72923
1778449988060 9.73317
1778449988080 9.73738
1778449988101 9.74205
1778449988121 9.74676
1778449988142 9.75179
1778449988163 9.75684
1778449988183 9.76168
1778449988204 9.76639
1778449988224 9.77074
1778449988244 9.77475
1778449988264 9.77859
1778449988285 9.7824
1778449988306 9.78652
1778449988326 9.79099
1778449988347 9.79597
1778449988367 9.80152
1778449988390 9.80867
1778449988410 9.8156
1778449988431 9.82314
1778449988452 9.83109
1778449988473 9.83901
1778449988493 9.84645
1778449988513 9.85375
1778449988534 9.86093
1778449988554 9.86762
1778449988576 9.87432
1778449988596 9.88058
1778449988617 9.8864
1778449988638 9.89189
1778449988658 9.89671
1778449988678 9.90091
1778449988699 9.90453
1778449988720 9.90727
1778449988740 9.909
1778449988761 9.91001
1778449988784 9.91042
1778449988805 9.91035
1778449988826 9.91015
1778449988849 9.91
1778449988871 9.91008
1778449988893 9.91041
1778449988914 9.91091
1778449988935 9.91141
1778449988958 9.91179
1778449988979 9.91176
1778449988999 9.91128
1778449989020 9.9103
1778449989040 9.90882
1778449989060 9.90684
1778449989082 9.90426
1778449989102 9.90144
1778449989122 9.89817
1778449989146 9.89362
1778449989167 9.88906
1778449989188 9.88398
1778449989208 9.87818
1778449989229 9.87145
1778449989249 9.86422
1778449989270 9.85625
1778449989291 9.84801
1778449989314 9.83899
1778449989335 9.83086
1778449989356 9.82298
1778449989377 9.81598
1778449989400 9.80922
1778449989420 9.8036
1778449989443 9.79776
1778449989464 9.79275
1778449989484 9.78805
1778449989505 9.78317
1778449989526 9.77838
1778449989546 9.77372
1778449989568 9.76883
1778449989588 9.7644
1778449989609 9.75994
1778449989630 9.75567
1778449989651 9.75146
1778449989672 9.74721
1778449989693 9.74288
1778449989713 9.73854
1778449989733 9.73404
1778449989754 9.72942
1778449989774 9.7249
1778449989794 9.72052
1778449989814 9.71677
1778449989835 9.71373
1778449989855 9.71158
1778449989875 9.71052
1778449989896 9.71048
1778449989916 9.71142
1778449989936 9.71316
1778449989957 9.71561
1778449989977 9.7185
1778449989998 9.7218
1778449990018 9.7253
1778449990039 9.72902
1778449990059 9.73297
1778449990080 9.73741
1778449990102 9.7422
1778449990122 9.74704
1778449990143 9.75203
1778449990163 9.75696
1778449990184 9.76188
1778449990204 9.76645
1778449990224 9.77078
1778449990245 9.77492
1778449990266 9.77886
1778449990286 9.78273
1778449990307 9.78682
1778449990328 9.79135
1778449990348 9.79632
1778449990369 9.80207
1778449990389 9.80841
1778449990409 9.8153
1778449990429 9.82259
1778449990450 9.83036
1778449990471 9.83824
1778449990491 9.84574
1778449990512 9.8533
1778449990532 9.86031
1778449990553 9.86716
1778449990574 9.87373
1778449990594 9.87995
1778449990615 9.88589
1778449990636 9.89153
1778449990656 9.89639
1778449990677 9.90077
1778449990697 9.90425
1778449990717 9.90694
1778449990738 9.90884
1778449990758 9.90991
1778449990779 9.91038
1778449990800 9.91039
1778449990820 9.91021
1778449990841 9.91003
1778449990862 9.91001
1778449990882 9.91022
1778449990903 9.91063
1778453313426 9.91046
1778453313448 9.91099
1778453313470 9.91151
1778453313492 9.91181
1778453313513 9.91172
1778453313533 9.91118
1778453313553 9.91013
1778453313575 9.9084
1778453313597 9.90616
1778453313617 9.90364
1778453313637 9.90071
1778453313657 9.89738
1778453313677 9.89355
1778453313703 9.88784
1778453313724 9.8825
1778453313745 9.87619
1778453313765 9.86949
1778453313785 9.86221
1778453313805 9.85444
1778453313825 9.8464
1778453313846 9.8384
1778453313866 9.83064
1778453313887 9.82292
1778453313907 9.8162
1778453313927 9.81008
1778453313947 9.80447
1778453313968 9.7993
1778453313988 9.79439
1778453314008 9.78953
1778453314040 9.78229
1778453314060 9.77752
1778453314082 9.77262
1778453314102 9.76809
1778453314124 9.76327
1778453314145 9.75878
1778453314167 9.7544
1778453314189 9.74997
1778453314210 9.7458
1778453314231 9.74129
1778453314254 9.73636
1778453314274 9.73175
1778453314295 9.72693
1778453314322 9.72101
1778453314345 9.71675
1778453314366 9.71363
1778453314387 9.71152
1778453314412 9.7104
1778453314434 9.71071
1778453314458 9.71226
1778453314478 9.71437
1778453314498 9.71702
1778453314518 9.72007
1778453314538 9.72341
1778453314559 9.72707
1778453314579 9.73089
1778453314613 9.73791
1778453314633 9.7424
1778453314654 9.74732
1778453314685 9.75478
1778453314705 9.75973
1778453314742 9.76809
1778453314771 9.77394
1778453314799 9.77931
1778453314819 9.78312
1778453314852 9.78999
1778453314874 9.79512
1778453314897 9.8015
1778453314929 9.81153
1778453314952 9.81963
1778453314978 9.82945
1778453315000 9.83765
1778453315020 9.84518
1778453315041 9.85254
1778453315061 9.85955
1778453315084 9.86716
1778453315104 9.87354
1778453315132 9.882
1778453315152 9.88764
1778453315174 9.89335
1778453315195 9.8981
1778453315217 9.90253
1778453315238 9.9057
1778453315259 9.90805
1778453315286 9.90982
1778453315314 9.91041
1778453315335 9.91036
1778453315356 9.91016
1778453315380 9.90999
1778453315400 9.91006
1778453315420 9.91036
1778453315443 9.91088
1778453315468 9.91146
1778453315488 9.91178
1778453315510 9.91175
1778453315530 9.91127
1778453315550 9.91028
1778453315571 9.90872
1778453315591 9.90673
1778453315612 9.90432
1778453315632 9.9015
1778453315652 9.89827
1778453315672 9.89451
1778453315693 9.89024
1778453315714 9.88507
1778453315736 9.87905
1778453315756 9.87271
1778453315778 9.86505
1778453315799 9.85706
1778453315825 9.84642
1778453315847 9.83785
1778453315869 9.82942
1778453315889 9.82218
1778453315913 9.81436
1778453315933 9.80841
1778453315962 9.80068
1778453315982 9.79574
1778453316002 9.79099
1778453316025 9.78568
1778453316048 9.78026
1778453316069 9.77561
1778453316089 9.77102
1778453316109 9.76652
1778453316129 9.76218
1778453316154 9.75705
1778453316174 9.75288
1778453316196 9.74855
1778453316216 9.74442
1778453316236 9.74014
1778453316256 9.73571
1778453316277 9.73112
1778453316297 9.72653
1778453316317 9.72213
1778453316337 9.71815
1778453316358 9.71478
1778453316389 9.71139
1778453316409 9.71046
1778453316431 9.71062
1778453316451 9.71174
1778453316472 9.71373
1778453316494 9.71646
1778453316519 9.72018
1778453316540 9.72369
1778453316563 9.72784
1778453316583 9.73169
1778453316603 9.73583
1778453316625 9.74065
1778453316647 9.74572
1778453316667 9.75054
1778453316692 9.75658
1778453316712 9.76138
1778453316733 9.76609
1778453316753 9.77042
1778453316775 9.77479
1778453316795 9.77868
1778453316816 9.78249
1778453316836 9.78647
1778453316858 9.79128
1778453316878 9.79619
1778453316899 9.80189
1778453316919 9.80823
1778453316939 9.81504
1778453316961 9.82295
1778453316982 9.83075
1778453317008 9.84074
1778453317029 9.84832
1778453317050 9.85588
1778453317071 9.86289
1778453317091 9.86948
1778453317111 9.87583
1778453317131 9.88188
1778453317152 9.88754
1778453317172 9.89279
1778453317194 9.89799
1778453317214 9.90205
1778453317245 9.90662
1778453317267 9.90872
1778453317287 9.90987
1778453317308 9.91037
1778453317330 9.9104
1778453317358 9.91014
1778453317379 9.91
1778453317400 9.91006
1778453317422 9.91038
1778453317442 9.91085
1778453317463 9.91137
1778453317484 9.91174
1778453317506 9.91179
1778453317526 9.9114
1778453317547 9.9105
1778453317567 9.9091
1778453317587 9.90722
1778453317607 9.90488
1778453317628 9.90201
1778453317648 9.89885
1778453317669 9.89526
1778453317689 9.89114
1778453317710 9.88622
1778453317731 9.8804
1778453317751 9.87417
1778453317772 9.86724
1778453317792 9.85976
1778453317812 9.85186
1778453317833 9.84346
1778453317856 9.83432
1778453317876 9.82676
1778453317897 9.81958
1778453317917 9.8131
1778453317937 9.80717
1778453317960 9.80113
1778453317980 9.79616
1778453318001 9.79127
1778453318021 9.78659
1778453318043 9.7815
1778453318063 9.77684
1778453318087 9.77146
1778453318107 9.76695
1778453318128 9.76247
1778453318149 9.75801
1778453318173 9.75323
1778453318193 9.74911
1778453318213 9.74499
1778453318234 9.74074
1778453318254 9.73633
1778453318276 9.73127
1778453318304 9.72497
1778453318325 9.72049
1778453318345 9.71674
1778453318365 9.71371
1778453318386 9.71161
1778453318406 9.71053
1778453318427 9.7105
1778453318448 9.7115
1778453318468 9.71327
1778453318488 9.71567
1778453318508 9.71854
1778453318531 9.72218
1778453318552 9.72585
1778453318575 9.73017
1778453318595 9.73418
1778453318616 9.73847
1778453318636 9.74301
1778453318656 9.74777
1778453318676 9.75265
1778453318699 9.7582
1778453318719 9.76298
1778453318740 9.76751
1778453318761 9.77197
1778453318785 9.77677
1778453318806 9.78057
1778453318828 9.78489
1778453318848 9.78903
1778453318868 9.79368
1778453318896 9.8011
1778453318919 9.80818
1778453318939 9.81506
1778453318959 9.82239
1778453318980 9.82998
1778453319000 9.83766
1778453319021 9.84532
1778453319043 9.85327
1778453319063 9.86027
1778453319085 9.86765
1778453319105 9.874
1778453319125 9.88015
1778453319146 9.88594
1778453319167 9.89158
1778453319187 9.89644
1778453319207 9.90069
1778453319228 9.90428
1778453319248 9.90696
1778453319271 9.90902
1778453319292 9.91002
1778453319312 9.9104
1778453319332 9.91038
1778453319352 9.91019
1778453319374 9.91001
1778453319394 9.91002
1778453319415 9.91026
1778453319438 9.91074
1778453319459 9.91126
1778453319480 9.91169
1778453319502 9.91182
1778453319522 9.91152
1778453319542 9.91075
1778453319562 9.90946
1778453319583 9.9076
1778453319603 9.90534
1778453319624 9.90265
1778453319644 9.89957
1778453319665 9.896
1778453319685 9.89199
1778453319707 9.88684
1778453319727 9.88148
1778453319749 9.8749
1778453319775 9.86586
1778453319797 9.85766
1778453319818 9.84945
1778453319839 9.84101
1778453319859 9.83314
1778453319884 9.82404
1778453319907 9.81621
1778453319929 9.80953
1778453319949 9.80395
1778453319969 9.79882
1778453319990 9.79396
1778453320012 9.78871
1778453320033 9.78395
1778453320053 9.77919
1778453320076 9.77391
1778453320096 9.76935
1778453320116 9.7649
1778453320136 9.76062
1778453320157 9.75647
1778453320177 9.75243
1778453320197 9.7484
1778453320217 9.74425
1778453320237 9.73996
1778453320257 9.73549
1778453320279 9.73064
1778453320299 9.72606
1778453320319 9.72172
1778453320339 9.71777
1778453320360 9.71446
1778453320380 9.7121
1778453320400 9.71073
1778453320421 9.7104
1778453320442 9.7111
1778453320462 9.71265
1778453320483 9.71499
1778453320503 9.71775
1778453320523 9.72087
1778453320545 9.7246
1778453320567 9.72863
1778453320587 9.73257
1778453320609 9.73699
1778453320629 9.74145
1778453320649 9.74612
1778453320671 9.7515
1778453320692 9.75642
1778453320712 9.76124
1778453320733 9.76618
1778453320755 9.77069
1778453320777 9.77516
1778453320797 9.77901
1778453320820 9.78333
1778453320840 9.7874
1778453320861 9.79189
1778453320882 9.79732
1778453320903 9.8031
1778453320929 9.81162
1778453320951 9.81926
1778453320972 9.82712
1778453320993 9.83481
1778453321016 9.84346
1778453321037 9.85127
1778453321057 9.8584
1778453321078 9.86527
1778453321098 9.87172
1778453321118 9.87793
1778453321138 9.8838
1778453321160 9.88979
1778453321180 9.8949
1778453321206 9.90043
1778453321228 9.9043
1778453321251 9.90724
1778453321271 9.90902
1778453321293 9.91007
1778453321314 9.91041
1778453321334 9.91037
1778453321355 9.91016
1778453321376 9.91001
1778453321401 9.91007
1778453321421 9.91036
1778453321441 9.91083
1778453321462 9.91133
1778453321482 9.91172
1778453321503 9.91181
1778453321523 9.91149
1778453321544 9.91065
1778453321566 9.90917
1778453321589 9.90705
1778453321610 9.90456
1778453321630 9.90177
1778453321653 9.89803
1778453321674 9.89415
1778453321698 9.88903
1778453321718 9.884
1778453321738 9.87825
1778453321758 9.87179
1778453321779 9.86466
1778453321799 9.85701
1778453321819 9.84906
1778453321840 9.8407
1778453321860 9.83277
1778453321881 9.82516
1778453321902 9.81789
1778453321922 9.81159
1778453321942 9.80585
1778453321962 9.80057
1778453321985 9.79515
1778453322005 9.7904
1778453322025 9.78562
1778453322048 9.78037
1778453322069 9.77559
1778453322089 9.77098
1778453322111 9.76602
1778453322131 9.76167
1778453322152 9.75744
1778453322173 9.75315
1778453322194 9.74905
1778453322214 9.74495
1778453322236 9.74017
1778453322256 9.73573
1778453322277 9.73104
1778453322297 9.72639
1778453322318 9.72191
1778453322340 9.71762
1778453322360 9.71441
1778453322381 9.71198
1778453322403 9.71061
1778453322423 9.71043
1778453322444 9.71121
1778453322464 9.71282
1778453322484 9.71509
1778453322504 9.71788
1778453322525 9.72115
1778453322545 9.72456
1778453322565 9.72822
1778453322585 9.73214
1778453322607 9.73662
1778453322627 9.74104
1778453322648 9.74587
1778453322669 9.75098
1778453322689 9.75588
1778453322710 9.7607
1778453322730 9.76548
1778453322750 9.76985
1778453322773 9.77437
1778453322793 9.77823
1778453322814 9.78219
1778453322835 9.7863
1778453322857 9.79098
1778453322878 9.79616
1778453322905 9.80391
1778453322927 9.81072
1778453322949 9.81871
1778453323001 9.83797
1778453323022 9.84595
1778453323043 9.85334
1778453323064 9.86055
1778453323085 9.86749
1778453323105 9.87386
1778453323128 9.88081
1778453323148 9.88657
1778453323170 9.89225
1778453323190 9.89709
1778453323210 9.90123
1778453323231 9.90469
1778453323251 9.90726
1778453323271 9.90902
1778453323292 9.91003
1778453323312 9.9104
1778453323335 9.91036
1778453323355 9.91016
1778453323375 9.91001
1778453323401 9.91007
1778453323423 9.9104
1778453323443 9.91087
1778453323464 9.91139
1778453323489 9.91179
1778453323509 9.91177
1778453323531 9.91124
1778453323553 9.9101
1778453323575 9.90839
1778453323596 9.90627
1778453323616 9.90379
1778453323637 9.90074
1778453323657 9.89741
1778453323680 9.893
1778453323700 9.88854
1778453323722 9.88294
1778453323742 9.87706
1778453323763 9.87036
1778453323783 9.86303
1778453323804 9.85498
1778453323825 9.84652
1778453323846 9.83817
1778453323867 9.83035
1778453323887 9.82296
1778453323907 9.81624
1778453323927 9.81009
1778453323948 9.80439
1778453323968 9.79924
1778453323988 9.79436
1778453324009 9.78951
1778453324029 9.78482
1778453324049 9.78015
1778453324069 9.77541
1778453324090 9.77077
1778453324110 9.76625
1778453324130 9.76187
1778453324151 9.75768
1778453324171 9.75361
1778453324193 9.74915
1778453324214 9.74487
1778453324235 9.74042
1778453324255 9.73593
1778453324276 9.73135
1778453324297 9.72657
1778453324317 9.72219
1778453324337 9.71821
1778453324357 9.71485
1778453324377 9.71233
1778453324398 9.71084
1778453324418 9.71038
1778453324438 9.71091
1778453324458 9.71232
1778453324479 9.71451
1778453324500 9.71728
1778453324520 9.72036
1778453324541 9.72386
1778453324562 9.72762
1778453324583 9.73161
1778453324603 9.73578
1778453324626 9.74083
1778453324646 9.7455
1778453324669 9.75093
1778453324689 9.75587
1778453324710 9.7607
1778453324730 9.76534
1778453324750 9.76971
1778453324770 9.77378
1778453324790 9.77765
1778453324810 9.7815
1778453324831 9.78555
1778453324852 9.78995
1778453324873 9.79485
1778453324894 9.80054
1778453324915 9.80676
1778453324936 9.81395
1778453324957 9.82134
1778453324977 9.82891
1778453324997 9.8365
1778453325017 9.8441
1778453325038 9.85148
1778453325058 9.85872
1778453325079 9.86573
1778453325101 9.8728
1778453325124 9.8797
1778453325144 9.88547
1778453325165 9.89111
1778453325188 9.89666
1778453325208 9.90087
1778453325230 9.90461
1778453325250 9.90722
1778453325279 9.90947
1778453325300 9.91024
1778453325321 9.91043
1778453325341 9.91031
1778453325363 9.91009
1778453325384 9.90999
1778453325407 9.91014
1778453325427 9.91049
1778453325447 9.91098
1778453325468 9.91146
1778453325489 9.91179
1778453325524 9.91146
1778453325545 9.9106
1778453325568 9.90905
1778453325588 9.90714
1778453325609 9.9046
1778453325630 9.90181
1778453325651 9.89836
1778453325674 9.89414
1778453325694 9.88984
1778453325715 9.88492
1778453325735 9.87927
1778453325755 9.87293
1778453325775 9.86594
1778453325796 9.85812
1778453325819 9.84902
1778453325845 9.83876
1778453325865 9.8309
1778453325885 9.82353
1778453325907 9.81621
1778453325927 9.81008
1778453325949 9.80405
1778453325972 9.79828
1778453325993 9.79321
1778453326014 9.78828
1778453326035 9.78338
1778453326055 9.77864
1778453326077 9.77363
1778453326098 9.769
1778453326118 9.76458
1778453326138 9.7603
1778453326158 9.75618
1778453326179 9.752
1778453326200 9.74775
1778453326220 9.74363
1778453326240 9.73925
1778453326261 9.73478
1778453326283 9.72966
1778453326303 9.72507
1778453326324 9.7207
1778453326344 9.71692
1778453326364 9.71385
1778453326387 9.7115
1778453326407 9.71049
1778453326436 9.71081
1778453326464 9.71282
1778453326484 9.71513
1778453326506 9.71822
1778453326527 9.72147
1778453326548 9.72513
1778453326570 9.72909
1778453326590 9.73303
1778453326610 9.73723
1778453326631 9.74184
1778453326651 9.74653
1778453326676 9.75257
1778453326696 9.75748
1778453326716 9.76229
1778453326738 9.76715
1778453326760 9.77187
1778453326780 9.77583
1778453326800 9.77963
1778453326821 9.78344
1778453326846 9.7886
1778453326871 9.79438
1778453326893 9.80026
1778453326913 9.80632
1778453326933 9.81301
1778453326954 9.8203
1778453326974 9.82778
1778453326994 9.83536
1778453327014 9.84293
1778453327034 9.8503
1778453327054 9.85741
1778453327075 9.86422
1778453327095 9.87093
1778453327117 9.87763
1778453327138 9.88378
1778453327160 9.88989
1778453327180 9.89491
1778453327203 9.89991
1778453327223 9.90356
1778453327245 9.90666
1778453327268 9.90879
1778453327288 9.90989
1778453327308 9.91036
1778453327328 9.91041
1778453327349 9.91023
1778453327369 9.91004
1778453327389 9.91
1778453327409 9.91017
1778453327430 9.91055
1778453327450 9.91105
1778453327470 9.91152
1778453327490 9.9118
1778453327511 9.91175
1778453327531 9.91123
1778453327553 9.91011
1778453327574 9.90849
1778453327597 9.90616
1778453327617 9.90363
1778453327638 9.90052
1778453327658 9.89715
1778453327679 9.89323
1778453327699 9.8888
1778453327720 9.88363
1778453327740 9.87761
1778453327762 9.8705
1778453327783 9.86291
1778453327803 9.85521
1778453327826 9.8462
1778453327846 9.8382
1778453327867 9.83017
1778453327888 9.82266
1778453327909 9.81575
1778453327932 9.80869
1778453327952 9.80323
1778453327972 9.79811
1778453327993 9.79325
1778453328013 9.7884
1778453328033 9.78373
1778453328054 9.77898
1778453328074 9.77435
1778453328094 9.76977
1778453328117 9.76476
1778453328137 9.76045
1778453328158 9.75625
1778453328178 9.75214
1778453328199 9.74793
1778453328219 9.74381
1778453328239 9.7395
1778453328260 9.73489
1778453328280 9.73028
1778453328302 9.72536
1778453328322 9.72101
1778453328343 9.71719
1778453328363 9.71405
1778453328383 9.71181
1778453328403 9.7106
1778453328424 9.71043
1778453328445 9.71129
1778453328466 9.71308
1778453328489 9.71579
1778453328509 9.71867
1778453328530 9.72198
1778453328550 9.72546
1778453328571 9.72925
1778453328591 9.73321
1778453328611 9.73741
1778453328631 9.74196
1778453328652 9.74693
1778453328673 9.75194
1778453328693 9.75684
1778453328714 9.76166
1778453328734 9.76624
1778453328754 9.77055
1778453328774 9.77465
1778453328794 9.77849
1778453328815 9.78234
1778453328835 9.78636
1778453328856 9.7908
1778453328877 9.79598
1778453328899 9.80196
1778453328919 9.80819
1778453328940 9.8155
1778453328961 9.82296
1778453328981 9.83059
1778453329005 9.83952
1778453329029 9.84833
1778453329049 9.85561
1778453329071 9.86302
1778453329091 9.86957
1778453329120 9.87864
1778453329141 9.88461
1778453329163 9.89067
1778453329191 9.89741
1778453329216 9.9023
1778453329236 9.90548
1778453329259 9.90806
1778453329279 9.90949
1778453329299 9.91022
1778453329319 9.91043
1778453329344 9.91028
1778453329364 9.91008
1778453329388 9.91
1778453329409 9.91016
1778453329431 9.91057
1778453329452 9.91109
1778453329472 9.91155
1778453329493 9.91181
1778453329513 9.9117
1778453329534 9.91113
1778453329557 9.90985
1778453329583 9.90766
1778453329604 9.90528
1778453329639 9.90039
1778453329659 9.89694
1778453329686 9.89175
1778453329717 9.8843
1778453329737 9.87862
1778453329770 9.86767
1778453329793 9.85926
1778453329816 9.85018
1778453329843 9.83952
1778453329863 9.83163
1778453329885 9.82363
1778453329905 9.81676
1778453329927 9.81003
1778453329948 9.80442
1778453329968 9.79917
1778453329989 9.79416
1778453330010 9.7891
1778453330031 9.78438
1778453330051 9.77971
1778453330071 9.77504
1778453330091 9.7704
1778453330112 9.76586
1778453330132 9.76152
1778453330153 9.75727
1778453330174 9.75296
1778453330194 9.74893
1778453330215 9.74471
1778453330235 9.74043
1778453330256 9.7359
1778453330276 9.73126
1778453330297 9.72657
1778453330317 9.72219
1778453330337 9.7182
1778453330366 9.71368
1778453330388 9.71143
1778453330408 9.71047
1778453330430 9.71059
1778453330451 9.71172
1778453330472 9.71371
1778453330493 9.71628
1778453330513 9.71924
1778453330533 9.72253
1778453330554 9.72622
1778453330574 9.72996
1778453330600 9.7352
1778453330620 9.73954
1778453330641 9.74433
1778453330662 9.74912
1778453330682 9.75416
1778453330702 9.75902
1778453330723 9.7638
1778453330743 9.76826
1778453330763 9.77243
1778453330783 9.77636
1778453330804 9.78037
1778453330825 9.78422
1778453330845 9.78832
1778453330866 9.79303
1778453330887 9.79855
1778453330919 9.80812
1778453330943 9.81634
1778453330963 9.82365
1778453330985 9.83196
1778453331005 9.83952
1778453331028 9.84785
1778453331049 9.85551
1778453331073 9.86366
1778453331095 9.87083
1778453331115 9.87708
1778453331135 9.88304
1778453331156 9.88862
1778453331176 9.89376
1778453331196 9.89842
1778453331216 9.90235
1778453331236 9.9055
1778453331256 9.90783
1778453331278 9.90944
1778453331301 9.91025
1778453331329 9.9104
1778453331350 9.91022
1778453331370 9.91004
1778453331394 9.91002
1778453331415 9.91025
1778453331435 9.91066
1778453331455 9.91117
1778453331475 9.91161
1778453331495 9.91182
1778453331515 9.91167
1778453331536 9.91106
1778453331556 9.90989
1778453331577 9.90823
1778453331597 9.90613
1778453331617 9.90359
1778453331638 9.90057
1778453331658 9.89719
1778453331681 9.89275
1778453331701 9.88827
1778453331721 9.88309
1778453331743 9.87683
1778453331763 9.87021
1778453331783 9.86295
1778453331804 9.855
1778453331824 9.84694
1778453331845 9.83863
1778453331866 9.8307
1778453331886 9.82327
1778453331907 9.81625
1778453331927 9.81014
1778453331948 9.8043
1778453331972 9.79819
1778453331994 9.7929
1778453332022 9.78628
1778453332043 9.78141
1778453332067 9.77598
1778453332088 9.77127
1778453332108 9.76662
1778453332129 9.76226
1778453332149 9.75806
1778453332169 9.75397
1778453332189 9.74996
1778453332209 9.74589
1778453332242 9.73894
1778453332262 9.73439
1778453332289 9.72819
1778453332311 9.72341
1778453332332 9.71907
1778453332353 9.71544
1778453332374 9.71271
1778453332394 9.71102
1778453332415 9.71038
1778453332435 9.71078
1778453332455 9.71207
1778453332475 9.7141
1778453332498 9.71698
1778453332519 9.72022
1778453332541 9.72391
1778453332561 9.7275
1778453332583 9.73167
1778453332603 9.73576
1778453332623 9.74011
1778453332655 9.74761
1778453332683 9.75441
1778453332706 9.75985
1778453332728 9.76496
1778453332752 9.77023
1778453332773 9.77443
1778453332806 9.78071
1778453332830 9.78528
1778453332851 9.78964
1778453332872 9.79455
1778453332892 9.7999
1778453332912 9.80603
1778453332933 9.81298
1778453332955 9.82067
1778453332979 9.82962
1778453333002 9.83838
1778453333027 9.84757
1778453333047 9.85478
1778453333068 9.86205
1778453333101 9.87283
1778453333123 9.87927
1778453333143 9.88507
1778453333174 9.89338
1778453333194 9.89803
1778453333216 9.90226
1778453333240 9.90602
1778453333261 9.9082
1778453333281 9.90957
1778453333303 9.91029
1778453333323 9.91042
1778453333349 9.91022
1778453333372 9.91002
1778453333392 9.91001
1778453333413 9.91022
1778453333434 9.91065
1778453333461 9.91132
1778453333481 9.91171
1778453333502 9.91182
1778453333528 9.91135
1778453333553 9.91013
1778453333573 9.90859
1778453333605 9.9052
1778453333630 9.90174
1778453333654 9.89793
1778453333674 9.89419
1778453333694 9.88986
1778453333714 9.88497
1778453333735 9.87937
1778453333759 9.87159
1778453333779 9.86446
1778453333800 9.8567
1778453333820 9.84858
1778453333840 9.84055
1778453333861 9.8325
1778453333890 9.82186
1778453333911 9.81491
1778453333934 9.80811
1778453333956 9.80223
1778453333981 9.79601
1778453334010 9.78907
1778453334032 9.78406
1778453334052 9.7794
1778453334072 9.77475
1778453334093 9.77012
1778453334113 9.76559
1778453334133 9.76127
1778453334154 9.757
1778453334176 9.75259
1778453334196 9.74854
1778453334217 9.74432
1778453334238 9.73974
1778453334259 9.73524
1778453334281 9.73013
1778453334301 9.72553
1778453334322 9.72108
1778453334344 9.71697
1778453334364 9.71389
1778453334384 9.71174
1778453334406 9.71052
1778453334426 9.71048
1778453334446 9.7114
1778453334467 9.71313
1778453334487 9.71549
1778453334507 9.71833
1778453334529 9.72189
1778453334557 9.72674
1778453334577 9.73055
1778453334597 9.73459
1778453334618 9.73897
1778453334638 9.74351
1778453334660 9.74885
1778453334687 9.75523
1778453334711 9.76104
1778453334731 9.76564
1778453334751 9.76999
1778453334774 9.7746
1778453334795 9.7786
1778453334815 9.78239
1778453334838 9.78694
1778453334858 9.79132
1778453334879 9.79638
1778453334901 9.80243
1778453334928 9.8113
1778453334948 9.81833
1778453334971 9.82665
1778453334991 9.83423
1778453335011 9.84176
1778453335033 9.84968
1778453335060 9.85933
1778453335082 9.86666
1778453335102 9.87316
1778453335125 9.88008
1778453335147 9.88639
1778453335170 9.89234
1778453335193 9.89778
1778453335213 9.90184
1778453335234 9.90513
1778453335254 9.90761
1778453335275 9.90928
1778453335297 9.91017
1778453335317 9.91042
1778453335338 9.91034
1778453335360 9.91012
1778453335381 9.90999
1778453335401 9.91007
1778453335422 9.91037
1778453335442 9.91084
1778453335462 9.91134
1778453335482 9.91172
1778453335502 9.91182
1778453335534 9.91114
1778453335555 9.90995
1778453335582 9.90774
1778453335604 9.90527
1778453335626 9.90235
1778453335647 9.89917
1778453335667 9.89552
1778453335687 9.89144
1778453335707 9.88677
1778453335729 9.88101
1778453335753 9.87366
1778453335775 9.86602
1778453335797 9.8578
1778453335817 9.8497
1778453335840 9.84049
1778453335861 9.83261
1778453335882 9.8247
1778453335904 9.8172
1778453335924 9.81099
1778453335954 9.80268
1778453335977 9.79697
1778453335998 9.79206
1778453336018 9.78722
1778453336039 9.78249
1778453336059 9.77783
1778453336080 9.77292
1778453336104 9.7677
1778453336130 9.76194
1778453336151 9.75759
1778453336190 9.74969
1778453336213 9.74517
1778453336253 9.73657
1778453336280 9.73041
1778453336307 9.72433
1778453336327 9.72006
1778453336355 9.71516
1778453336377 9.71242
1778453336397 9.71088
1778453336417 9.71037
1778453336444 9.71124
1778453336474 9.7139
1778453336494 9.71646
1778453336514 9.71943
1778453336536 9.72301
1778453336566 9.72831
1778453336587 9.73248
1778453336608 9.73682
1778453336628 9.74123
1778453336649 9.74622
1778453336674 9.75213
1778453336699 9.75822
1778453336730 9.76543
1778453336750 9.76984
1778453336773 9.7744
1778453336794 9.77846
1778453336815 9.78234
1778453336835 9.7863
1778453336858 9.79116
1778453336880 9.7968
1778453336902 9.80284
1778453336923 9.80943
1778453336944 9.81662
1778453336964 9.82398
1778453336997 9.83654
1778453337018 9.8443
1778453337038 9.85159
1778453337058 9.85879
1778453337079 9.86556
1778453337100 9.87253
1778453337122 9.87912
1778453337144 9.88553
1778453337164 9.89096
1778453337185 9.89592
1778453337205 9.90024
1778453337225 9.90391
1778453337246 9.90675
1778453337267 9.90873
1778453337287 9.90986
1778453337307 9.91035
1778453337329 9.9104
1778453337349 9.91023
1778453337370 9.91004
1778453337392 9.91001
1778453337413 9.91022
1778453337436 9.91068
1778453337456 9.91119
1778453337476 9.91162
1778453337496 9.91182
1778453337518 9.91163
1778453337538 9.91096
1778453337559 9.90967
1778453337580 9.90791
1778453337602 9.90552
1778453337623 9.90284
1778453337645 9.89939
1778453337666 9.89579
1778453337687 9.89148
1778453337707 9.88676
1778453337728 9.88125
1778453337749 9.87475
1778453337770 9.86792
1778453337791 9.86
1778453337812 9.85167
1778453337832 9.84362
1778453337854 9.83494
1778453337875 9.82734
1778453337895 9.82007
1778453337915 9.81359
1778453337937 9.80737
1778453337958 9.80166
1778453337979 9.79659
1778453338000 9.79156
1778453338020 9.78678
1778453338041 9.78207
1778453338061 9.77741
1778453338081 9.77272
1778453338103 9.76782
1778453338128 9.76237
1778453338153 9.7572
1778453338175 9.75281
1778453338204 9.74692
1778453338224 9.7427
1778453338249 9.73734
1778453338271 9.73241
1778453338293 9.72751
1778453338313 9.72294
1778453338333 9.71886
1778453338353 9.7154
1778453338375 9.7126
1778453338397 9.71089
1778453338420 9.71039
1778453338443 9.71118
1778453338463 9.71278
1778453338486 9.7154
1778453338507 9.71827
1778453338527 9.72145
1778453338547 9.72494
1778453338567 9.72861
1778453338587 9.73255
1778453338609 9.73705
1778453338629 9.7415
1778453338649 9.74619
1778453338671 9.75139
1778453338691 9.75631
1778453338711 9.76113
1778453338732 9.76583
1778453338753 9.7703
1778453338773 9.77436
1778453338794 9.77843
1778453338814 9.78227
1778453338835 9.78626
1778453338856 9.79085
1778453338877 9.7958
1778453338897 9.80146
1778453338917 9.80765
1778453338938 9.81447
1778453338958 9.82172
1778453338978 9.82926
1778453338998 9.83706
1778453339019 9.84458
1778453339041 9.8527
1778453339063 9.86034
1778453339088 9.86856
1778453339109 9.8752
1778453339137 9.88354
1778453339157 9.88911
1778453339178 9.89434
1778453339200 9.89918
1778453339220 9.90298
1778453339240 9.90599
1778453339260 9.90816
1778453339280 9.90954
1778453339300 9.91024
1778453339320 9.91043
1778453339342 9.9103
1778453339362 9.9101
1778453339382 9.90999
1778453339402 9.91008
1778453339422 9.91039
1778453339444 9.91088
1778453339464 9.91138
1778453339485 9.91175
1778453339507 9.91179
1778453339527 9.91138
1778453339547 9.91046
1778453339570 9.9088
1778453339591 9.90682
1778453339614 9.904
1778453339636 9.90084
1778453339656 9.89752
1778453339678 9.89336
1778453339701 9.88836
1778453339725 9.88216
1778453339748 9.87523
1778453339768 9.86841
1778453339791 9.86018
1778453339811 9.85232
1778453339831 9.84425
1778453339851 9.83629
1778453339871 9.82862
1778453339894 9.82051
1778453339914 9.81392
1778453339937 9.8073
1778453339957 9.80182
1778453339978 9.79682
1778453339998 9.79198
1778453340018 9.78724
1778453340039 9.78243
1778453340059 9.77771
1778453340080 9.7729
1778453340101 9.7683
1778453340125 9.76296
1778453340147 9.75842
1778453340167 9.75431
1778453340190 9.74976
1778453340210 9.74569
1778453340232 9.74117
1778453340252 9.73674
1778453340272 9.73214
1778453340294 9.72716
1778453340314 9.72269
1778453340351 9.71578
1778453340371 9.71298
1778453340392 9.71113
1778453340414 9.71039
1778453340437 9.71086
1778453340457 9.71223
1778453340480 9.71463
1778453340503 9.7178
1778453340527 9.72146
1778453340547 9.7249
1778453340572 9.72961
1778453340598 9.7347
1778453340620 9.73938
1778453340657 9.74794
1778453340678 9.75318
1778453340704 9.75928
1778453340724 9.76397
1778453340744 9.76841
1778453340764 9.7726
1778453340784 9.77651
1778453340805 9.78048
1778453340825 9.78437
1778453340846 9.78852
1778453498368 9.91046
1778453498388 9.91094
1778453498409 9.91145
1778453498431 9.91179
1778453498460 9.91162
1778453498493 9.91027
1778453498513 9.90878
1778453498534 9.90666
1778453498555 9.90423
1778453498575 9.90139
1778453498596 9.89794
1778453498616 9.89422
1778453498639 9.88937
1778453498659 9.88437
1778453498679 9.87866
1778453498699 9.87223
1778453498721 9.86474
1778453498742 9.85648
1778453498763 9.84847
1778453498783 9.84022
1778453498804 9.83209
1778453498824 9.82464
1778453498847 9.81697
1778453498867 9.81076
1778453498887 9.80512
1778453498908 9.79967
1778453498929 9.79456
1778453498952 9.78924
1778453498972 9.78459
1778453498998 9.77867
1778453499018 9.77405
1778453499038 9.76945
1778453499061 9.76428
1778453499084 9.75944
1778453499105 9.75514
1778453499132 9.74975
1778453499153 9.74557
1778453499173 9.74133
1778453499194 9.73669
1778453499217 9.73156
1778453499239 9.72644
1778453499261 9.72177
1778453499282 9.71772
1778453499302 9.71447
1778453499332 9.71129
1778453499352 9.71043
1778453499372 9.71059
1778453499395 9.71185
1778453499415 9.71381
1778453499447 9.71795
1778453499467 9.72109
1778453499487 9.72451
1778453499509 9.72857
1778453499532 9.73302
1778453499555 9.73777
1778453499576 9.74255
1778453499596 9.74729
1778453499619 9.75277
1778453499641 9.75814
1778453499661 9.76289
1778453499683 9.76774
1778453499703 9.77198
1778453499724 9.77614
1778453499744 9.77995
1778453499765 9.78378
1778453499785 9.78785
1778453499805 9.79243
1778453499827 9.79795
1778453499850 9.80461
1778453499876 9.81315
1778453499896 9.82036
1778453499919 9.82888
1778453499939 9.8365
1778453499959 9.84402
1778453499982 9.8523
1778453500004 9.86006
1778453500025 9.86678
1778453500045 9.87338
1778453500065 9.87948
1778453500088 9.88602
1778453500109 9.89153
1778453500130 9.89651
1778453500150 9.9008
1778453500170 9.90429
1778453500190 9.90696
1778453500210 9.90881
1778453500231 9.9099
1778453500251 9.91037
1778453500271 9.9104
1778453500293 9.91021
1778453500313 9.91003
1778453500334 9.91001
1778453500354 9.91021
1778453500375 9.91062
1778453500396 9.91113
1778453500416 9.91158
1778453500440 9.91183
1778453500460 9.91162
1778453500481 9.91093
1778453500504 9.9095
1778453500524 9.90774
1778453500545 9.90544
1778453500566 9.90264
1778453500586 9.89958
1778453500608 9.89577
1778453500630 9.89134
1778453500652 9.88622
1778453500672 9.88077
1778453500694 9.87411
1778453500715 9.8668
1778453500738 9.85814
1778453500759 9.84982
1778453500779 9.84176
1778453500812 9.82907
1778453500832 9.82183
1778453500853 9.81513
1778453500875 9.80854
1778453500895 9.80308
1778453500922 9.79628
1778453500945 9.79085
1778453500967 9.78564
1778453500996 9.77897
1778453501017 9.77417
1778453501038 9.76952
1778453501059 9.76481
1778453501081 9.76015
1778453501102 9.75583
1778453501122 9.75176
1778453501150 9.74624
1778453501172 9.74156
1778453501192 9.73717
1778453501215 9.73192
1778453501237 9.727
1778453501257 9.72256
1778453501279 9.71822
1778453501302 9.71447
1778453501323 9.71205
1778453501343 9.71071
1778453501370 9.71052
1778453501394 9.71181
1778453501416 9.7139
1778453501438 9.71677
1778453501462 9.72037
1778453501485 9.72419
1778453501505 9.72782
1778453501525 9.73169
1778453501546 9.73589
1778453501566 9.74028
1778453501586 9.74497
1778453501610 9.75065
1778453501630 9.75555
1778453501650 9.76039
1778453501671 9.76504
1778453501691 9.76948
1778453501711 9.77358
1778453501732 9.77751
1778453501752 9.78132
1778453501772 9.78522
1778453501795 9.79017
1778453501816 9.79498
1778453501839 9.80132
1778453501862 9.80844
1778453501882 9.81531
1778453501902 9.82261
1778453501923 9.83025
1778453501943 9.838
1778453501963 9.84551
1778453501985 9.85347
1778453502007 9.86091
1778453502028 9.86773
1778453502048 9.87419
1778453502068 9.88027
1778453502090 9.88662
1778453502111 9.89195
1778453502131 9.89694
1778453502152 9.90111
1778453502172 9.90454
1778453502192 9.90716
1778453502214 9.90904
1778453502234 9.91002
1778453502254 9.9104
1778453502275 9.91038
1778453502295 9.91019
1778453502315 9.91002
1778453502336 9.91002
1778453502357 9.91026
1778453502378 9.91068
1778453502398 9.91119
1778453502418 9.91163
1778453502439 9.91183
1778453502459 9.91164
1778453502480 9.91098
1778453502505 9.90941
1778453502529 9.90724
1778453502549 9.9049
1778453502570 9.90214
1778453502590 9.89898
1778453502612 9.89496
1778453502634 9.89054
1778453502654 9.88572
1778453502677 9.87921
1778453502698 9.87269
1778453502719 9.86548
1778453502741 9.85699
1778453502764 9.8479
1778453502788 9.83841
1778453502814 9.82824
1778453502835 9.82098
1778453502855 9.81442
1778453502876 9.80809
1778453502899 9.80203
1778453502920 9.79672
1778453502942 9.79156
1778453502965 9.78613
1778453502986 9.78137
1778453503008 9.77627
1778453503028 9.77165
1778453503049 9.76707
1778453503069 9.76269
1778453503089 9.75846
1778453503109 9.75436
1778453503130 9.75015
1778453503150 9.74608
1778453503171 9.74178
1778453503191 9.73735
1778453503212 9.73265
1778453503233 9.72785
1778453503254 9.72334
1778453503274 9.71922
1778453503295 9.71556
1778453503315 9.71283
1778453503335 9.7111
1778453503360 9.71038
1778453503382 9.71102
1778453503403 9.71252
1778453503424 9.71485
1778453503446 9.71792
1778453503467 9.72106
1778453503489 9.72487
1778453503510 9.72874
1778453503530 9.73267
1778453503552 9.73719
1778453503572 9.74166
1778453503596 9.74714
1778453503620 9.75304
1778453503643 9.75867
1778453503664 9.76362
1778453503687 9.76865
1778453503707 9.77281
1778453503728 9.77687
1778453503749 9.78079
1778453503769 9.78469
1778453503790 9.78898
1778453503812 9.7941
1778453503832 9.79938
1778453503866 9.80983
1778453503888 9.81728
1778453503908 9.82471
1778453503928 9.83236
1778453503948 9.83996
1778453503969 9.84752
1778453503989 9.85485
1778453504009 9.86177
1778453504030 9.86839
1778453504050 9.87469
1778453504072 9.88149
1778453504093 9.88733
1778453504114 9.89284
1778453504137 9.89822
1778453504157 9.90219
1778453504178 9.90543
1778453504198 9.90778
1778453504224 9.90964
1778453504246 9.9103
1778453504266 9.91042
1778453504287 9.91027
1778453504307 9.91008
1778453504328 9.90999
1778453504348 9.91012
1778453504373 9.91057
1778453504393 9.91107
1778453504414 9.91154
1778453504434 9.91181
1778453504455 9.91171
1778453504477 9.91109
1778453504498 9.90993
1778453504518 9.90831
1778453504539 9.90611
1778453504559 9.90358
1778453504580 9.9006
1778453504604 9.89652
1778453504624 9.89252
1778453504648 9.88729
1778453504668 9.88184
1778453504688 9.87581
1778453504711 9.86817
1778453504731 9.86071
1778453504757 9.85068
1778453504779 9.84173
1778453504800 9.83356
1778453504825 9.82443
1778453504849 9.8163
1778453504869 9.8101
1778453504890 9.80436
1778453504913 9.79848
1778453504933 9.79363
1778453504956 9.7882
1778453504980 9.78276
1778453505006 9.77675
1778453505031 9.77103
1778453505052 9.7663
1778453505074 9.7616
1778453505094 9.75735
1778453505120 9.75218
1778453505143 9.74759
1778453505168 9.74236
1778453505190 9.73763
1778453505210 9.73309
1778453505232 9.7282
1778453505254 9.72325
1778453505276 9.71871
1778453505298 9.71505
1778453505318 9.71247
1778453505341 9.71079
1778453505365 9.71042
1778453505386 9.71119
1778453505410 9.71324
1778453505431 9.71572
1778453505453 9.71892
1778453505473 9.72219
1778453505495 9.72599
1778453505517 9.73007
1778453505538 9.73425
1778453505561 9.73917
1778453505585 9.74473
1778453505607 9.74978
1778453505627 9.75467
1778453505649 9.76014
1778453505670 9.76482
1778453505691 9.76952
1778453505711 9.77362
1778453505731 9.77749
1778453505752 9.78129
1778453505772 9.78521
1778453505792 9.78942
1778453505812 9.79415
1778453505833 9.79965
1778453505856 9.80641
1778453505876 9.81312
1778453505896 9.82026
1778453505917 9.82801
1778453505940 9.83681
1778453505961 9.84451
1778453505981 9.85185
1778453506005 9.86026
1778453506028 9.86786
1778453506049 9.87458
1778453506073 9.88162
1778453506093 9.88733
1778453506113 9.89257
1778453506133 9.89731
1778453506156 9.90192
1778453506179 9.90558
1778453506203 9.90827
1778453506224 9.90963
1778453506244 9.91028
1778453506265 9.91043
1778453506285 9.91029
1778453506309 9.91006
1778453506332 9.91
1778453506352 9.91018
1778453506375 9.91062
1778453506395 9.91112
1778453506417 9.91159
1778453506438 9.91182
1778453506458 9.91166
1778453506480 9.91096
1778453506500 9.90979
1778453506520 9.90811
1778453506540 9.90598
1778453506564 9.90293
1778453506584 9.89989
1778453506604 9.89644
1778453506625 9.89249
1778453506650 9.88659
1778453506671 9.88121
1778453506693 9.87426
1778453506714 9.86701
1778453506735 9.85919
1778453506756 9.85128
1778453506776 9.84324
1778453506798 9.83443
1778453506820 9.8262
1778453506841 9.81904
1778453506861 9.81264
1778453506881 9.8068
1778453506901 9.80139
1778453506927 9.79522
1778453506950 9.78977
1778453506970 9.78497
1778453506991 9.78029
1778453507012 9.77535
1778453507032 9.77071
1778453507054 9.76589
1778453507077 9.76097
1778453507101 9.75603
1778453507124 9.75145
1778453507145 9.74714
1778453507166 9.74288
1778453507189 9.73783
1778453507209 9.73329
1778453507230 9.72865
1778453507250 9.7241
1778453507271 9.71974
1778453507293 9.71581
1778453507314 9.71296
1778453507335 9.71113
1778453507355 9.7104
1778453507375 9.71067
1778453507396 9.71191
1778453507416 9.71392
1778453507437 9.71658
1778453507457 9.71958
1778453507477 9.72288
1778453507498 9.72642
1778453507518 9.73028
1778453507541 9.73487
1778453507565 9.74005
1778453507586 9.74489
1778453507610 9.7507
1778453507632 9.75594
1778453507654 9.76123
1778453507674 9.76587
1778453507694 9.7702
1778453507715 9.77434
1778453507736 9.77835
1778453507759 9.78271
1778453507782 9.78727
1778453507802 9.79169
1778453507824 9.79716
1778453507844 9.80286
1778453507866 9.80971
1778453507888 9.81739
1778453507908 9.82484
1778453507929 9.83247
1778453507951 9.84092
1778453507979 9.85133
1778453508014 9.86329
1778453508034 9.86985
1778453508057 9.87696
1778453508077 9.88294
1778453508098 9.88869
1778453508118 9.89385
1778453508140 9.89879
1778453508160 9.90266
1778453508182 9.90597
1778453508202 9.90816
1778453508225 9.90967
1778453508248 9.91034
1778453508273 9.91039
1778453508295 9.91019
1778453508315 9.91002
1778453508335 9.91001
1778453508357 9.91025
1778453508381 9.91075
1778453508402 9.91129
1778453508422 9.91169
1778453508445 9.91182
1778453508466 9.91149
1778453508486 9.91067
1778453508506 9.90935
1778453508528 9.90731
1778453508550 9.90478
1778453508570 9.90204
1778453508591 9.89877
1778453508612 9.89511
1778453508634 9.89046
1778453508654 9.8856
1778453508676 9.87962
1778453508697 9.87307
1778453508717 9.86602
1778453508741 9.85693
1778453508765 9.84738
1778453508786 9.83928
1778453508806 9.8313
1778453508828 9.82337
1778453508848 9.81659
1778453508871 9.80959
1778453508893 9.80357
1778453508913 9.79846
1778453508935 9.7932
1778453508955 9.78844
1778453508977 9.78349
1778453508999 9.77838
1778453509019 9.77374
1778453509040 9.76905
1778453509061 9.76434
1778453509085 9.75925
1778453509105 9.75515
1778453509127 9.75078
1778453509157 9.74471
1778453509178 9.74027
1778453509201 9.73519
1778453509228 9.72907
1778453509249 9.72423
1778453509272 9.71954
1778453509297 9.71521
1778453509319 9.71237
1778453509340 9.71086
1778453509365 9.71041
1778453509387 9.71129
1778453509407 9.71294
1778453509427 9.71525
1778453509451 9.71857
1778453509480 9.72334
1778453509501 9.72696
1778453509521 9.73077
1778453509542 9.73516
1778453509563 9.7395
1778453509583 9.7441
1778453509603 9.74889
1778453509624 9.75395
1778453509644 9.75886
1778453509666 9.764
1778453509687 9.76868
1778453509708 9.77298
1778453509732 9.77767
1778453509758 9.78251
1778453509779 9.78669
1778453509801 9.79145
1778453509821 9.79638
1778453509844 9.8028
1778453509866 9.80967
1778453509888 9.8174
1778453509916 9.82777
1778453509940 9.83683
1778453509962 9.845
1778453509987 9.85413
1778453510013 9.86292
1778453510034 9.86989
1778453510055 9.87622
1778453510076 9.88261
1778453510096 9.88822
1778453510120 9.89436
1778453510140 9.89889
1778453510162 9.90297
1778453510183 9.90604
1778453510207 9.90859
1778453510228 9.9098
1778453510248 9.91033
1778453510271 9.9104
1778453510291 9.91023
1778453510314 9.91003
1778453510335 9.91001
1778453510356 9.91024
1778453510376 9.91065
1778453510399 9.91122
1778453510419 9.91164
1778453510442 9.91183
1778453510462 9.91158
1778453510483 9.91084
1778453510506 9.90932
1778453510527 9.90749
1778453510547 9.90521
1778453510567 9.90251
1778453510588 9.89927
1778453510608 9.89573
1778453510640 9.88908
1778453510662 9.88358
1778453510683 9.87746
1778453510703 9.87091
1778453510727 9.86238
1778453510747 9.85452
1778453510767 9.84652
1778453510790 9.83774
1778453510810 9.83
1778453510830 9.82271
1778453510850 9.816
1778453510870 9.8098
1778453510891 9.80422
1778453510911 9.79896
1778453510932 9.79391
1778453510952 9.78921
1778453510972 9.78453
1778453510994 9.77959
1778453511016 9.77442
1778453511036 9.76979
1778453511057 9.76523
1778453511077 9.76091
1778453511099 9.75638
1778453511120 9.75224
1778453511141 9.74806
1778453511161 9.74388
1778453511181 9.73959
1778453511201 9.73508
1778453511222 9.73037
1778453511243 9.72566
1778453511265 9.72089
1778453511288 9.71672
1778453511308 9.71371
1778453511331 9.71136
1778453511352 9.71044
1778453511373 9.71059
1778453511395 9.71189
1778453511416 9.71386
1778453511436 9.71645
1778453511456 9.71945
1778453511478 9.723
1778453511500 9.72688
1778453511520 9.73071
1778453511541 9.7348
1778453511561 9.73912
1778453511584 9.74447
1778453511605 9.74929
1778453511627 9.75477
1778453511647 9.75962
1778453511668 9.76446
1778453511688 9.7689
1778453511708 9.77303
1778453511729 9.77699
1778453511749 9.78087
1778453511769 9.78474
1778453511790 9.78899
1778453511810 9.79366
1778453511831 9.79891
1778453511851 9.80482
1778453511871 9.81155
1778453511893 9.81925
1778453511913 9.82671
1778453511934 9.83464
1778453511955 9.84254
1778453511978 9.85083
1778453512001 9.85903
1778453512022 9.86578
1778453512045 9.87329
1778453512070 9.88086
1778453512091 9.8867
1778453512113 9.89252
1778453512134 9.89751
1778453512157 9.9021
1778453512177 9.90535
1778453512198 9.90773
1778453512223 9.90957
1778453512252 9.91038
1778453512272 9.9104
1778453512293 9.9102
1778453512314 9.91003
1778453512336 9.91002
1778453512356 9.91024
1778453512377 9.91068
1778453512398 9.91119
1778453512418 9.91162
1778453512441 9.91183
1778453512462 9.91158
1778453512482 9.91086
1778453512505 9.90943
1778453512526 9.90758
1778453512546 9.90533
1778453512566 9.90267
1778453512587 9.89952
1778453512607 9.89599
1778453512628 9.89186
1778453512648 9.8871
1778453512668 9.88181
1778453512689 9.87578
1778453512709 9.86903
1778453512730 9.86123
1778453512750 9.85341
1778453512771 9.84516
1778453512793 9.83639
1778453512813 9.82869
1778453512833 9.82151
1778453512854 9.81483
1778453512875 9.80855
1778453512895 9.80308
1778453512917 9.79751
1778453512937 9.79268
1778453512957 9.78796
1778453512979 9.78295
1778453512999 9.77827
1778453513020 9.77357
1778453513041 9.76876
1778453513062 9.76422
1778453513082 9.75989
1778453513106 9.75502
1778453513126 9.75094
1778453513146 9.74689
1778453513167 9.74272
1778453513189 9.7379
1778453513211 9.73295
1778453513233 9.72799
1778453513255 9.72303
1778453513277 9.71858
1778453513298 9.71501
1778453513320 9.71229
1778453513341 9.71078
1778453513362 9.71038
1778453513389 9.71142
1778453513410 9.71324
1778453513433 9.71602
1778453513461 9.72022
1778453513482 9.7237
1778453513504 9.72762
1778453513529 9.73244
1778453513549 9.73663
1778453513573 9.74185
1778453513593 9.74661
1778453513614 9.7515
1778453513634 9.75643
1778453513654 9.76125
1778453513675 9.76605
1778453513695 9.77038
1778453513715 9.77443
1778453513736 9.77828
1778453513758 9.78259
1778453513779 9.78657
1778453513799 9.79108
1778453513820 9.79622
1778453513842 9.80221
1778453513862 9.80849
1778453513882 9.81532
1778453513902 9.82261
1778453513925 9.83111
1778453513946 9.8392
1778453513967 9.84668
1778453513989 9.85473
1778453514009 9.86168
1778453514029 9.8683
1778453514059 9.87768
1778453514080 9.8837
1778453514100 9.88929
1778453514121 9.89455
1778453514141 9.89906
1778453514163 9.90315
1778453514183 9.90613
1778453514205 9.90836
1778453514226 9.90971
1778453514246 9.91031
1778453514269 9.91041
1778453514289 9.91025
1778453514309 9.91006
1778453514330 9.90999
1778453514350 9.91015
1778453514371 9.91053
1778453514392 9.91104
1778453514416 9.91158
1778453514442 9.91183
1778453514462 9.91158
1778453514485 9.91074
1778453514505 9.90944
1778453514525 9.90766
1778453514545 9.90543
1778453514565 9.90277
1778453514587 9.89946
1778453514607 9.89595
1778453514627 9.8919
1778453514648 9.88729
1778453514668 9.88204
1778453514689 9.87572
1778453514717 9.86619
1778453514738 9.85813
1778453514758 9.85018
1778453514784 9.83986
1778453514804 9.83201
1778453514825 9.82459
1778453514845 9.81772
1778453514868 9.8105
1778453514890 9.80437
1778453514913 9.79857
1778453514938 9.79248
1778453514959 9.78754
1778453514981 9.78251
1778453515001 9.77777
1778453515022 9.77296
1778453515049 9.76695
1778453515076 9.76118
1778453515096 9.75704
1778453515118 9.75253
1778453515140 9.74826
1778453515160 9.74412
1778453515181 9.73961
1778453515201 9.73511
1778453515226 9.72944
1778453515248 9.72455
1778453515273 9.71934
1778453515296 9.71534
1778453515318 9.71247
1778453515341 9.71079
1778453515365 9.71042
1778453515385 9.71118
1778453515406 9.71284
1778453515426 9.71514
1778453515449 9.71834
1778453515469 9.72154
1778453515492 9.72544
1778453515512 9.72914
1778453515532 9.73311
1778453515553 9.73732
1778453515574 9.74209
1778453515595 9.74695
1778453515615 9.7518
1778453515636 9.75693
1778453515656 9.76172
1778453515677 9.7664
1778453515698 9.77094
1778453515718 9.77499
1778453515739 9.77892
1778453515762 9.78329
1778453515782 9.78733
1778453515803 9.7918
1778453515824 9.79702
1778453515844 9.80271
1778453515864 9.80905
1778453515884 9.81598
1778453515905 9.82377
1778453515926 9.83137
1778453515946 9.839
1778453515966 9.84654
1778453515989 9.85476
1778453516009 9.86167
1778453516032 9.86917
1778453516052 9.87549
1778453516072 9.88151
1778453516093 9.88719
1778453516113 9.89257
1778453516135 9.8977
1778453516155 9.90175
1778453516175 9.90503
1778453516196 9.90757
1778453516216 9.90919
1778453516238 9.91014
1778453516258 9.91042
1778453516279 9.91035
1778453516299 9.91014
1778453516320 9.91
1778453516343 9.91007
1778453516363 9.91036
1778453516384 9.91084
1778453516407 9.9114
1778453516428 9.91176
1778453516450 9.91178
1778453516471 9.91132
1778453516492 9.91031
1778453516514 9.9087
1778453516534 9.9067
1778453516556 9.90399
1778453516577 9.90112
1778453516597 9.89784
1778453516620 9.89336
1778453516649 9.88693
1778453516669 9.88155
1778453516689 9.87549
1778453516711 9.86822
1778453516732 9.86055
1778453516752 9.85266
1778453516774 9.84387
1778453516794 9.83582
1778453516815 9.82818
1778453516835 9.82099
1778453516865 9.81148
1778453516885 9.80561
1778453516907 9.79997
1778453516927 9.79504
1778453516948 9.79012
1778453516968 9.78545
1778453516989 9.7806
1778453517010 9.77585
1778453517030 9.77126
1778453517056 9.76545
1778453517076 9.76115
1778453517097 9.75684
1778453517118 9.75258
1778453517145 9.74712
1778453517165 9.74295
1778453517186 9.73852
1778453517208 9.7336
1778453517230 9.72853
1778453517252 9.72367
1778453517272 9.71952
1778453517305 9.71405
1778453517325 9.71183
1778453517346 9.7106
1778453517366 9.71043
1778453517386 9.71126
1778453517409 9.71317
1778453517430 9.71557
1778453517456 9.71943
1778453517476 9.72272
1778453517497 9.72624
1778453517517 9.73001
1778453517537 9.73401
1778453517557 9.73828
1778453517592 9.74629
1778453517615 9.75182
1778453517635 9.75676
1778453517655 9.76154
1778453517678 9.76668
1778453517710 9.77331
1778453517733 9.77779
1778453517753 9.78156
1778453517773 9.78546
1778453517795 9.79007
1778453517823 9.79691
1778453517845 9.80296
1778453517865 9.80939
1778453517887 9.81696
1778453517907 9.82443
1778453517927 9.83202
1778453517948 9.83962
1778453517968 9.84707
1778453517993 9.85624
1778453518013 9.86311
1778453518034 9.86991
1778453518056 9.87673
1778453518077 9.88271
1778453518097 9.88832
1778453518117 9.8935
1778453518139 9.89854
1778453518159 9.90247
1778453518180 9.90576
1778453518201 9.90803
1778453518221 9.90946
1778453518241 9.91021
1778453518262 9.91043
1778453518282 9.91032
1778453518303 9.91011
1778453518323 9.90999
1778453518343 9.91007
1778453518363 9.91036
1778453518384 9.91083
1778453518404 9.91133
1778453518429 9.91177
1778453518449 9.91179
1778453518471 9.91131
1778453518491 9.91037
1778453518512 9.90885
1778453518532 9.90688
1778453518557 9.90391
1778453518582 9.90026
1778453518603 9.89669
1778453518623 9.89276
1778453518646 9.88778
1778453518667 9.8822
1778453518687 9.87622
1778453518718 9.8657
1778453518740 9.85738
1778453518760 9.84946
1778453518780 9.84143
1778453518800 9.83352
1778453518821 9.82571
1778453518842 9.81874
1778453518863 9.81201
1778453518885 9.80572
1778453518906 9.80035
1778453518926 9.79534
1778453518946 9.79059
1778453518970 9.78498
1778453518993 9.77972
1778453519013 9.77505
1778453519033 9.77048
1778453519061 9.7643
1778453519083 9.75967
1778453519104 9.75552
1778453519124 9.75143
1778453519144 9.7474
1778453519164 9.74322
1778453519184 9.7389
1778453519206 9.73404
1778453519233 9.72789
1778453519256 9.72281
1778453519277 9.71868
1778453519297 9.71523
1778453519317 9.71258
1778453519340 9.71083
1778453519362 9.71039
1778453519384 9.7111
1778453519404 9.71265
1778453519427 9.71519
1778453519449 9.71833
1778453519472 9.72196
1778453519494 9.72574
1778453519515 9.72968
1778453519536 9.73376
1778453519557 9.73827
1778453519582 9.74385
1778453519610 9.75071
1778453519633 9.75622
1778453519654 9.7613
1778453519676 9.76624
1778453519696 9.77059
1778453519716 9.77462
1778453519738 9.77874
1778453519761 9.78303
1778453519781 9.7871
1778453519802 9.79158
1778453519824 9.79715
1778453519844 9.80287
1778453519865 9.80941
1778453519885 9.81641
1778453519905 9.82375
1778453519926 9.83143
1778453519946 9.83904
1778453519966 9.84657
1778453519986 9.85381
1778453520007 9.86102
1778453520028 9.86782
1778453520049 9.87461
1778453520070 9.88067
1778453520090 9.88651
1778453520113 9.89255
1778453520134 9.89759
1778453520155 9.90166
1778453520176 9.90518
1778453520197 9.90767
1778453520217 9.90926
1778453520237 9.91012
1778453520258 9.91042
1778453520278 9.91036
1778453520298 9.91016
1778453520320 9.91
1778453520341 9.91005
1778453520361 9.91032
1778453520381 9.91077
1778453520402 9.91129
1778453520423 9.9117
1778453520446 9.91181
1778453520466 9.91147
1778453520487 9.9106
1778453520509 9.90911
1778453520529 9.90723
1778453520552 9.90462
1778453520573 9.9016
1778453520593 9.89839
1778453520617 9.89409
1778453520639 9.88929
1778453520659 9.88429
1778453520684 9.87732
1778453520704 9.87076
1778453520724 9.86355
1778453520744 9.85584
1778453520766 9.84702
1778453520789 9.83791
1778453520811 9.82959
1778453520834 9.82126
1778453520856 9.8141
1778453520876 9.80808
1778453520898 9.80215
1778453520919 9.79711
1778453520939 9.79226
1778453520962 9.78691
1778453520987 9.78109
1778453521010 9.77574
1778453521031 9.77101
1778453521051 9.76645
1778453521073 9.76181
1778453521093 9.75756
1778453521116 9.75295
1778453521139 9.74839
1778453521159 9.74424
1778453521179 9.73995
1778453567450 9.91046
1778453567470 9.91095
1778453567492 9.91147
1778453567519 9.91182
1778453567542 9.91162
1778453567562 9.91092
1778453567584 9.90963
1778453567608 9.90755
1778453567631 9.90488
1778453567663 9.90042
1778453567694 9.89503
1778453567715 9.89051
1778453567738 9.88507
1778453567762 9.87835
1778453567785 9.8708
1778453567807 9.86285
1778453567829 9.85467
1778453567849 9.84643
1778453567872 9.83742
1778453567901 9.82642
1778453567924 9.81847
1778453567944 9.81211
1778453567964 9.80633
1778453567985 9.801
1778453568005 9.79603
1778453568025 9.79127
1778453568045 9.78656
1778453568068 9.78131
1778453568088 9.77661
1778453568108 9.77196
1778453568129 9.76744
1778453568149 9.76306
1778453568171 9.75839
1778453568191 9.75431
1778453568211 9.75028
1778453568233 9.74587
1778453568254 9.74156
1778453568275 9.73698
1778453568295 9.73243
1778453568315 9.72785
1778453568336 9.72316
1778453568357 9.71897
1778453568377 9.71543
1778453568398 9.71266
1778453568418 9.71101
1778453568439 9.71038
1778453568459 9.71077
1778453568479 9.71205
1778453568499 9.71409
1778453568520 9.71671
1778453568540 9.71973
1778453568561 9.7233
1778453568582 9.72687
1778453568602 9.73067
1778453568624 9.73516
1778453568644 9.73951
1778453568666 9.74446
1778453568687 9.74951
1778453568707 9.75443
1778453568727 9.7593
1778453568748 9.76401
1778453568768 9.76847
1778453568788 9.77268
1778453568812 9.77722
1778453568834 9.78146
1778453568856 9.78579
1778453568878 9.79028
1778453568898 9.79512
1778453568922 9.80182
1778453568948 9.81001
1778453568972 9.81833
1778453568992 9.82576
1778453569015 9.83415
1778453569037 9.84253
1778453569058 9.85042
1778453569079 9.8575
1778453569099 9.8643
1778453569119 9.87081
1778453569142 9.87792
1778453569163 9.88422
1778453569186 9.89048
1778453569209 9.89597
1778453569230 9.90051
1778453569251 9.90423
1778453569272 9.90694
1778453569295 9.90899
1778453569315 9.90999
1778453569335 9.91039
1778453569355 9.91039
1778453569376 9.9102
1778453569396 9.91002
1778453569418 9.91002
1778453569441 9.91029
1778453569462 9.91076
1778453569483 9.91126
1778453569503 9.91167
1778453569523 9.91183
1778453569544 9.91156
1778453569565 9.9108
1778453569587 9.9094
1778453569608 9.90749
1778453569629 9.9052
1778453569649 9.90251
1778453569670 9.89919
1778453569690 9.89564
1778453569711 9.89156
1778453569732 9.88659
1778453569758 9.87937
1778453569781 9.87224
1778453569802 9.86483
1778453569823 9.85685
1778453569843 9.84889
1778453569872 9.83729
1778453569895 9.82865
1778453569915 9.82139
1778453569936 9.81473
1778453569959 9.80789
1778453569981 9.80182
1778453570006 9.79574
1778453570028 9.79053
1778453570053 9.78474
1778453570073 9.78004
1778453570093 9.77539
1778453570114 9.7708
1778453570134 9.76633
1778453570162 9.76027
1778453570185 9.75555
1778453570205 9.75149
1778453570226 9.7473
1778453570246 9.74309
1778453570267 9.73876
1778453570287 9.73413
1778453570309 9.72919
1778453570337 9.72302
1778453570357 9.71893
1778453570377 9.71544
1778453570400 9.7125
1778453570422 9.71081
1778453570442 9.71038
1778453570462 9.71093
1778453570483 9.71236
1778453570503 9.71449
1778453570523 9.7172
1778453570543 9.72026
1778453570563 9.72362
1778453570584 9.72738
1778453570607 9.73169
1778453570627 9.73579
1778453570647 9.74023
1778453570667 9.74483
1778453570688 9.74964
1778453570709 9.75473
1778453570729 9.75957
1778453570751 9.76477
1778453570771 9.76918
1778453570791 9.77329
1778453570812 9.77725
1778453570833 9.78119
1778453570853 9.78506
1778453570873 9.78929
1778453570893 9.79396
1778453570916 9.80008
1778453570937 9.80622
1778453570957 9.813
1778453570981 9.82147
1778453571001 9.82915
1778453571023 9.8373
1778453571047 9.84628
1778453571067 9.85351
1778453571089 9.86105
1778453571110 9.86786
1778453571130 9.87422
1778453571152 9.88102
1778453571176 9.8876
1778453571198 9.89339
1778453571220 9.89849
1778453571245 9.90323
1778453571265 9.90616
1778453571290 9.90865
1778453571319 9.91011
1778453571344 9.91043
1778453571366 9.9103
1778453571388 9.91008
1778453571415 9.91001
1778453571443 9.91034
1778453571471 9.91096
1778453571491 9.91146
1778453571511 9.91178
1778453571532 9.91178
1778453571558 9.91112
1778453571582 9.90975
1778453571604 9.90791
1778453571628 9.90528
1778453571650 9.90238
1778453571672 9.89889
1778453571692 9.89526
1778453571713 9.89114
1778453571733 9.88644
1778453571753 9.88104
1778453571773 9.87492
1778453571797 9.86671
1778453571825 9.85613
1778453571847 9.84754
1778453571867 9.83936
1778453571891 9.83003
1778453571920 9.81969
1778453571940 9.81324
1778453571961 9.80739
1778453571981 9.80184
1778453572007 9.79537
1778453572030 9.78999
1778453572053 9.78481
1778453572073 9.78014
1778453572093 9.77549
1778453572113 9.7709
1778453572133 9.76641
1778453572153 9.76206
1778453572174 9.75788
1778453572194 9.75382
1778453572233 9.7459
1778453572258 9.74052
1778453572283 9.7351
1778453572304 9.73033
1778453572325 9.72567
1778453572346 9.72113
1778453572366 9.7173
1778453572393 9.71323
1778453572414 9.7113
1778453572434 9.71043
1778453572454 9.71059
1778453572475 9.71174
1778453572495 9.71364
1778453572516 9.71622
1778453572539 9.71959
1778453572561 9.72326
1778453572581 9.72685
1778453572602 9.73064
1778453572624 9.73508
1778453572645 9.73968
1778453572667 9.74481
1778453572688 9.74973
1778453572710 9.75509
1778453572742 9.76278
1778453572769 9.7687
1778453572789 9.77286
1778453572814 9.77769
1778453572847 9.78388
1778453572868 9.78813
1778453572894 9.79416
1778453572914 9.79947
1778453572934 9.80544
1778453572962 9.8148
1778453572988 9.82425
1778453573008 9.83179
1778453573029 9.83947
1778453573050 9.8472
1778453573070 9.85444
1778453573090 9.86141
1778453573113 9.86889
1778453573133 9.87531
1778453573155 9.8818
1778453573175 9.88751
1778453573197 9.89321
1778453573219 9.89815
1778453573239 9.90224
1778453573262 9.90569
1778453573282 9.90803
1778453573303 9.90951
1778453573324 9.91024
1778453573344 9.91043
1778453573367 9.91029
1778453573396 9.91002
1778453573417 9.91001
1778453573438 9.91023
1778453573458 9.91064
1778453573478 9.91114
1778453573499 9.91161
1778453573519 9.91182
1778453573539 9.91167
1778453573564 9.91086
1778453573584 9.90962
1778453573607 9.90761
1778453573627 9.90536
1778453573648 9.90265
1778453573672 9.89889
1778453573692 9.89524
1778453573716 9.89044
1778453573746 9.88298
1778453573768 9.87645
1778453573791 9.86889
1778453573813 9.86071
1778453573833 9.85288
1778453573854 9.8445
1778453573874 9.83654
1778453573894 9.82888
1778453573914 9.82168
1778453573936 9.81471
1778453573960 9.80753
1778453573982 9.80169
1778453574003 9.79657
1778453574023 9.79178
1778453574043 9.78704
1778453574063 9.78239
1778453574084 9.77767
1778453574121 9.76902
1778453574143 9.76433
1778453574163 9.76005
1778453574183 9.75594
1778453574204 9.75174
1778453574226 9.74731
1778453574246 9.74311
1778453574267 9.73861
1778453574289 9.73385
1778453574311 9.72873
1778453574331 9.72419
1778453574351 9.71997
1778453574372 9.71622
1778453574394 9.71314
1778453574423 9.71077
1778453574445 9.7104
1778453574477 9.71192
1778453574498 9.71391
1778453574527 9.71783
1778453574572 9.72517
1778453574592 9.72888
1778453574629 9.73622
1778453574650 9.74073
1778453574670 9.74554
1778453574696 9.75162
1778453574716 9.75651
1778453574757 9.76605
1778453574777 9.77039
1778453574811 9.77706
1778453574831 9.78084
1778453574852 9.78485
1778453574877 9.79006
1778453574898 9.79517
1778453574925 9.80266
1778453574947 9.80947
1778453574982 9.82179
1778453575005 9.83041
1778453575025 9.83806
1778453575045 9.84569
1778453575075 9.85621
1778453575095 9.86307
1778453575134 9.87552
1778453575156 9.88213
1778453575176 9.88776
1778453575198 9.89335
1778453575218 9.89804
1778453575239 9.90222
1778453575260 9.90554
1778453575281 9.90786
1778453575301 9.90936
1778453575321 9.91018
1778453575343 9.91043
1778453575363 9.91033
1778453575384 9.91012
1778453575405 9.90999
1778453575425 9.91007
1778453575445 9.91037
1778453575466 9.91084
1778453575487 9.91136
1778453575507 9.91173
1778453575528 9.91181
1778453575550 9.91141
1778453575570 9.91052
1778453575591 9.90912
1778453575611 9.90723
1778453575631 9.90483
1778453575652 9.90208
1778453575673 9.89878
1778453575694 9.89492
1778453575714 9.89074
1778453575735 9.88593
1778453575755 9.88036
1778453575776 9.87395
1778453575796 9.86706
1778453575816 9.85953
1778453575837 9.85135
1778453575858 9.84277
1778453575879 9.83485
1778453575901 9.82644
1778453575922 9.81917
1778453575942 9.81279
1778453575964 9.80632
1778453575985 9.80098
1778453576007 9.79546
1778453576027 9.79072
1778453576048 9.78584
1778453576068 9.78117
1778453576089 9.77649
1778453576111 9.77138
1778453576131 9.7669
1778453576151 9.76254
1778453576171 9.75833
1778453576192 9.75411
1778453576213 9.75
1778453576233 9.74592
1778453576253 9.74169
1778453576273 9.73733
1778453576296 9.73215
1778453576317 9.72742
1778453576337 9.72284
1778453576359 9.71852
1778453576379 9.71509
1778453576399 9.71252
1778453576420 9.71092
1778453576441 9.71037
1778453576463 9.71097
1778453576484 9.71247
1778453576508 9.71513
1778453576528 9.71791
1778453576551 9.72153
1778453576578 9.72617
1778453576598 9.72992
1778453576624 9.73525
1778453576645 9.73961
1778453576667 9.74477
1778453576691 9.75038
1778453576711 9.7553
1778453576738 9.76178
1778453576758 9.76641
1778453576780 9.77102
1778453576800 9.77505
1778453576822 9.77911
1778453576842 9.78295
1778453576862 9.787
1778453576885 9.792
1778453576906 9.79717
1778453576926 9.80297
1778453576946 9.80937
1778453576967 9.81629
1778453577015 9.83425
1778453577035 9.84184
1778453577055 9.84925
1778453577075 9.85641
1778453577096 9.86342
1778453577116 9.87007
1778453577137 9.87656
1778453577160 9.88331
1778453577180 9.88886
1778453577201 9.89421
1778453577224 9.89928
1778453577244 9.90307
1778453577266 9.90623
1778453577288 9.90851
1778453577309 9.90979
1778453577331 9.91035
1778453577351 9.91041
1778453577372 9.91024
1778453577393 9.91004
1778453577414 9.91
1778453577434 9.91018
1778453577454 9.91056
1778453577474 9.91106
1778453577501 9.91165
1778453577527 9.91181
1778453577549 9.91142
1778453577570 9.91055
1778453577590 9.90917
1778453577613 9.90694
1778453577635 9.90436
1778453577660 9.90085
1778453577680 9.89753
1778453577702 9.89331
1778453577723 9.88885
1778453577746 9.88302
1778453577767 9.8769
1778453577787 9.87007
1778453577808 9.86244
1778453577830 9.85409
1778453577851 9.84589
1778453577872 9.83738
1778453577893 9.8295
1778453577913 9.82217
1778453577933 9.8155
1778453577954 9.80936
1778453577974 9.80382
1778453577994 9.79868
1778453578014 9.79373
1778453578036 9.78862
1778453578057 9.78376
1778453578079 9.77872
1778453578099 9.77404
1778453578119 9.76947
1778453578140 9.76502
1778453578161 9.76047
1778453578182 9.75623
1778453578202 9.75217
1778453578223 9.74784
1778453578244 9.74358
1778453578265 9.73913
1778453578287 9.73419
1778453578307 9.7296
1778453578328 9.72486
1778453578350 9.72024
1778453578377 9.71539
1778453578407 9.71184
1778453578427 9.71061
1778453578448 9.71044
1778453578469 9.71133
1778453578490 9.71303
1778453578512 9.71566
1778453578533 9.71874
1778453578554 9.72196
1778453578574 9.72543
1778453578594 9.72916
1778453578621 9.73453
1778453578641 9.73884
1778453578662 9.74365
1778453578683 9.74846
1778453578703 9.75336
1778453578725 9.75862
1778453578745 9.76333
1778453578765 9.76795
1778453578791 9.77329
1778453578814 9.77759
1778453578834 9.78137
1778453578865 9.78755
1778453578898 9.79511
1778453578923 9.80207
1778453578944 9.80842
1778453578967 9.81662
1778453578996 9.82706
1778453579028 9.83915
1778453579048 9.84666
1778453579074 9.85601
1778453579095 9.86294
1778453579117 9.87033
1778453579140 9.87748
1778453579162 9.8838
1778453579183 9.88955
1778453579212 9.89663
1778453579232 9.90089
1778453579254 9.90458
1778453579278 9.90759
1778453579298 9.90923
1778453579318 9.9101
1778453579339 9.91041
1778453579360 9.91035
1778453579384 9.91011
1778453579405 9.90999
1778453579427 9.91009
1778453579449 9.91044
1778453579470 9.91096
1778453579492 9.91147
1778453579513 9.91179
1778453579536 9.91173
1778453579558 9.91112
1778453579578 9.91001
1778453579609 9.90745
1778453579629 9.90516
1778453579649 9.90246
1778453579671 9.89906
1778453579691 9.89547
1778453579714 9.89082
1778453579734 9.886
1778453579755 9.88037
1778453579779 9.87275
1778453579802 9.86482
1778453579823 9.85689
1778453579843 9.84894
1778453579864 9.84059
1778453579884 9.83277
1778453579904 9.82532
1778453579936 9.81474
1778453579956 9.80872
1778453579980 9.80206
1778453580001 9.79703
1778453580021 9.79224
1778453580041 9.78755
1778453580061 9.78279
1778453580082 9.77804
1778453580104 9.77294
1778453580126 9.76809
1778453580146 9.76368
1778453580167 9.75915
1778453580192 9.75409
1778453580215 9.74953
1778453580236 9.74533
1778453580259 9.74052
1778453580280 9.73584
1778453580300 9.73125
1778453580323 9.72602
1778453580365 9.71738
1778453580388 9.71384
1778453580408 9.71169
1778453580429 9.71056
1778453580451 9.7105
1778453580471 9.71144
1778453580491 9.7132
1778453580511 9.71558
1778453580532 9.71846
1778453580553 9.72187
1778453580577 9.72598
1778453580599 9.73005
1778453580619 9.73407
1778453580640 9.73849
1778453580660 9.74303
1778453580680 9.74778
1778453580700 9.75266
1778453580721 9.75773
1778453580742 9.76271
1778453580762 9.76724
1778453580786 9.77217
1778453580808 9.77647
1778453580828 9.78027
1778453580848 9.78417
1778453580869 9.78834
1778453580890 9.7932
1778453580914 9.79945
1778453580934 9.80551
1778453580955 9.81212
1778453580975 9.81939
1778453580995 9.82684
1778453581015 9.83443
1778453581036 9.8421
1778453581056 9.84952
1778453581076 9.85665
1778453581097 9.86371
1778453581119 9.87089
1778453581140 9.87722
1778453581160 9.88331
1778453581182 9.88943
1778453581206 9.89537
1778453581228 9.90009
1778453581248 9.90374
1778453581278 9.90765
1778453581311 9.90985
1778453581332 9.91036
1778453581353 9.9104
1778453581375 9.9102
1778453581395 9.91003
1778453581416 9.91001
1778453581440 9.91027
1778453581460 9.91069
1778453581481 9.91122
1778453581502 9.91166
1778453581525 9.91182
1778453581547 9.91149
1778453581567 9.91068
1778453581588 9.9093
1778453581608 9.90747
1778453581629 9.90519
1778453581649 9.90244
1778453581670 9.89927
1778453581690 9.89569
1778453581710 9.89159
1778453581731 9.88694
1778453581764 9.87781
1778453581784 9.8711
1778453581805 9.86367
1778453581828 9.85485
1778453581849 9.84635
1778453581871 9.8378
1778453581891 9.82997
1778453581913 9.82232
1778453581933 9.81564
1778453581953 9.80951
1778453581973 9.80395
1778453581993 9.79882
1778453582015 9.79357
1778453582036 9.78873
1778453582058 9.78358
1778453582078 9.77894
1778453582116 9.77026
1778453582140 9.76494
1778453582162 9.76028
1778453582182 9.75611
1778453582204 9.75173
1778453582225 9.74759
1778453582245 9.74333
1778453582265 9.73901
1778453582286 9.73451
1778453582307 9.72964
1778453582328 9.72486
1778453582350 9.72026
1778453582372 9.71617
1778453582393 9.71329
1778453582415 9.71119
1778453582439 9.71038
1778453582459 9.71078
1778453582487 9.71276
1778453582507 9.71502
1778453582527 9.71778
1778453582547 9.72091
1778453582576 9.72587
1778453582603 9.7309
1778453582625 9.73542
1778453582658 9.7427
1778453582678 9.74744
1778453582699 9.75247
1778453582719 9.75737
1778453582740 9.76214
1778453582760 9.7667
1778453582780 9.771
1778453582800 9.77508
1778453582822 9.7792
1778453582843 9.78309
1778453582863 9.78717
1778453582885 9.79207
1778453582911 9.79851
1778453582931 9.80439
1778453582952 9.81123
1778453582972 9.8183
1778453582992 9.82573
1778453583013 9.83356
1778453583034 9.84127
1778453583056 9.84952
1778453583083 9.85901
1778453583103 9.86577
1778453583125 9.87277
1778453583146 9.87912
1778453583169 9.88579
1778453583191 9.8917
1778453583211 9.89657
1778453583232 9.90079
1778453583255 9.90476
1778453583275 9.9073
1778453583301 9.90939
1778453583324 9.91024
1778453583344 9.91043
1778453583365 9.91031
1778453583385 9.91011
1778453583407 9.90999
1778453583427 9.9101
1778453583449 9.91045
1778453583469 9.91093
1778453583490 9.91142
1778453583510 9.91177
1778453583530 9.91179
1778453583551 9.91139
1778453583571 9.91047
1778453583592 9.90903
1778453583613 9.90703
1778453583642 9.90351
1778453583662 9.9005
1778453583683 9.89701
1778453583703 9.89316
1778453583723 9.88873
1778453583745 9.8832
1778453583774 9.87441
1778453583797 9.86678
1778453583817 9.85926
1778453583842 9.8494
1778453583863 9.84082
1778453583886 9.83196
1778453583906 9.82458
1778453583926 9.8177
1778453583947 9.8113
1778453583967 9.80561
1778453583988 9.80022
1778453584008 9.7953
1778453584028 9.79055
1778453584049 9.78556
1778453584070 9.78088
1778453584091 9.77599
1778453584111 9.7714
1778453584132 9.76667
1778453584152 9.76232
1778453584173 9.75807
1778453584193 9.754
1778453584214 9.74978
1778453584234 9.7457
1778453584254 9.74148
1778453584275 9.73694
1778453584303 9.73056
1778453584324 9.72571
1778453584346 9.72106
1778453584366 9.71723
1778453584392 9.71339
1778453584413 9.71133
1778453584441 9.71038
1778453584478 9.71198
1778453584500 9.71415
1778453584527 9.7178
1778453584550 9.72136
1778453584582 9.727
1778453584605 9.73128
1778453584628 9.736
1778453584648 9.7404
1778453584679 9.74749
1778453584700 9.75271
1778453584720 9.75762
1778453584741 9.76237
1778453584761 9.7669
1778453584781 9.77119
1778453584801 9.77519
1778453584823 9.77935
1778453584851 9.78469
1778453584871 9.78885
1778453584891 9.79351
1778453584914 9.79954
1778453584936 9.80583
1778453584956 9.81248
1778453584976 9.81966
1778453584996 9.82714
1778453585016 9.83485
1778453585037 9.84269
1778453585058 9.85016
1778453585078 9.85733
1778453585099 9.86447
1778453585120 9.87133
1778453585141 9.87753
1778453585164 9.88446
1778453585185 9.89012
1778453585208 9.89578
1778453585232 9.90081
1778453585254 9.90456
1778453585274 9.90716
1778453585294 9.90894
1778453585316 9.91005
1778453585337 9.9104
1778453585357 9.91037
1778453585378 9.91018
1778453585398 9.91002
1778453585418 9.91002
1778453585438 9.91024
1778453585458 9.91066
1778453585492 9.91148
1778453585512 9.91178
1778453585532 9.91177
1778453585553 9.91132
1778453585573 9.91037
1778453585593 9.90891
1778453585613 9.90697
1778453585636 9.90425
1778453585659 9.90098
1778453585679 9.89762
1778453585703 9.89319
1778453585723 9.88876
1778453585743 9.88369
1778453585763 9.87791
1778453585789 9.86934
1778453585816 9.85939
1778453585853 9.84509
1778453585874 9.83656
1778453585894 9.82882
1778453585915 9.8216
1778453585935 9.81497
1778453585955 9.80891
1778453585978 9.80279
1778453585998 9.79771
1778453586020 9.79252
1778453586043 9.78704
1778453586063 9.78238
1778453586084 9.77748
1778453586104 9.77286
1778453586125 9.76831
1778453586147 9.76334
1778453586170 9.75859
1778453586190 9.75449
1778453586211 9.75043
1778453586231 9.74629
1778453586269 9.73822
1778453586290 9.7336
1778453586316 9.72762
1778453586336 9.72317
1778453586364 9.71756
1778453586397 9.71278
1778453586417 9.71107
1778453586437 9.71039
1778453586457 9.71071
1778453586478 9.71201
1778453586500 9.71417
1778453586527 9.71778
1778453586547 9.72091
1778453586568 9.72449
1778453586597 9.72968
1778453586617 9.73368
1778453586640 9.73852
1778453586660 9.74306
1778453586685 9.74901
1778453586706 9.75405
1778453586727 9.75918
1778453586747 9.76388
1778453586768 9.76857
1778453586801 9.77519
1778453586822 9.77919
1778453586842 9.78302
1778453586863 9.78711
1778453586885 9.79199
1778453586912 9.79899
1778453586935 9.8056
1778453586955 9.81223
1778453586982 9.82199
1778453587004 9.83003
1778453587041 9.84405
1778453587063 9.85221
1778453587084 9.85922
1778453587113 9.86893
1778453587139 9.8771
1778453587160 9.88319
1778453587180 9.88876
1778453587206 9.89535
1778453587231 9.90074
1778453587252 9.90437
1778453587273 9.90709
1778453587297 9.90913
1778453587323 9.91021
1778453587364 9.91032
1778453587393 9.91004
1778453587413 9.91
1778453587449 9.91045
1778453587471 9.91097
1778453587492 9.91147
1778453587515 9.91181
1778453587547 9.91151
1778453587571 9.91047
1778453587600 9.90825
1778453587630 9.90497
1778453587665 9.90002
1778453587694 9.89504
1778453587717 9.89004
1778453587746 9.88283
1778453587766 9.87696
1778453587787 9.87034
1778453587814 9.86032
1778453587842 9.84938
1778453587862 9.84122
1778453587907 9.82431
1778453587930 9.81651
1778453587950 9.81035
1778453587973 9.80397
1778453587994 9.79876
1778453588015 9.79356
1778453588035 9.7888
1778453588056 9.78396
1778453588079 9.77871
1778453588099 9.77401
1778453588122 9.7689
1778453588142 9.76445
1778453588163 9.76014
1778453588183 9.75601
1778453588203 9.75191
1778453588224 9.74772
1778453588246 9.74318
1778453588266 9.73881
1778453588287 9.73421
1778453588307 9.72964
1778453588327 9.72507
1778453588347 9.72079
1778453588368 9.71698
1778453588388 9.71389
1778453588410 9.71156
1778453588431 9.7105
1778453588451 9.7105
1778453588471 9.71146
1778453588492 9.71328
1778453588518 9.71644
1778453588538 9.71941
1778453588569 9.72458
1778453588589 9.72824
1778453588616 9.73352
1778453588636 9.73775
1778453588656 9.74226
1778453588677 9.74706
1778453588716 9.75646
1778453588738 9.7618
1778453588758 9.76639
1778453588781 9.77113
1778453588802 9.77543
1778453588825 9.77968
1778453588845 9.78351
1778453588865 9.78761
1778453588896 9.79454
1778453588938 9.80652
1778453588958 9.81322
1778453588987 9.82368
1778453589007 9.8313
1778453589031 9.84035
1778453589055 9.84918
1778453589076 9.85648
1778453589102 9.86527
1778453589122 9.87176
1778453589142 9.878
1778453589177 9.88809
1778453589199 9.89352
1778453589219 9.89814
1778453589239 9.90225
1778453589260 9.90548
1778453589280 9.90784
1778453589301 9.90936
1778453589321 9.91016
1778453589341 9.91042
1778453589361 9.91034
1778453589382 9.91014
1778453589403 9.91
1778453589423 9.91006
1778453589443 9.91033
1778453589463 9.91078
1778453589484 9.91128
1778453589504 9.91168
1778453589524 9.91182
1778453589545 9.91156
1778453589566 9.91076
1778453589588 9.90932
1778453589610 9.90733
1778453589630 9.90501
1778453589653 9.90187
1778453589673 9.89869
1778453589694 9.89499
1778453589714 9.89084
1778453589734 9.88609
1778453589754 9.88061
1778453589775 9.87434
1778453589795 9.86744
1778453589816 9.85975
1778453589836 9.85184
1778453589856 9.84369
1778453589876 9.83573
1778453589900 9.82679
1778453589923 9.81879
1778453589943 9.8124
1778453589963 9.80659
1778453589984 9.80127
1778453590004 9.79628
1778453590024 9.7915
1778453590045 9.78668
1778453590066 9.78174
1778453590092 9.7757
1778453590114 9.77071
1778453590140 9.76494
1778453590161 9.76037
1778453590182 9.75616
1778453590221 9.74829
1778453590261 9.73993
1778453590282 9.73529
1778453590302 9.73067
1778453590323 9.72612
1778453590343 9.72176
1778453590363 9.71776
1778453590383 9.7145
1778453590406 9.71193
1778453590427 9.7106
1778453590447 9.71043
1778453590470 9.71138
1778453590504 9.71461
1778453590525 9.71749
1778453590546 9.72065
1778453590582 9.72691
1778453590602 9.73073
1778453590626 9.73554
1778453590647 9.74013
1778453590675 9.74655
1778453590700 9.75271
1778453590721 9.75771
1778453590742 9.7626
1778453590765 9.7678
1778453590785 9.77203
1778453590805 9.77598
1778453590826 9.77994
1778453590847 9.78386
1778453590867 9.78801
1778453590887 9.79257
1778453590911 9.79854
1778453590944 9.80842
1778453590970 9.81765
1778453590992 9.8256
1778453591025 9.83808
1778453591045 9.84563
1778453591066 9.85311
1778453591089 9.86106
1778453591109 9.86769
1778453591130 9.87418
1778453591150 9.88036
1778453591172 9.88661
1778453591192 9.892
1778453591213 9.89683
1778453591233 9.90106
1778453591253 9.90452
1778453591273 9.90713
1778453591294 9.90894
1778453591322 9.9102
1778453591342 9.91043
1778453591362 9.91033
1778453591383 9.91013
1778453591403 9.91
1778453591425 9.91008
1778453591446 9.91038
1778453591467 9.91086
1778453591487 9.91136
1778453591508 9.91174
1778453591530 9.91179
1778453591551 9.91137
1778453591572 9.91044
1778453591593 9.90895
1778453591613 9.90697
1778453591633 9.90459
1778453591655 9.90166
1778453591676 9.89823
1778453591697 9.89441
1778453591717 9.89011
1778453591737 9.88523
1778453591757 9.87967
1778453591778 9.87338
1778453591798 9.8664
1778453591818 9.85861
1778453591839 9.85068
1778453591859 9.84266
1778453591890 9.83032
1778453591912 9.8227
1778453591943 9.81237
1778453591964 9.80655
1778453591987 9.80029
1778453592012 9.79429
1778453592039 9.78787
1778453592063 9.78245
1778453592091 9.77604
1778453592121 9.76902
1778453592142 9.76455
1778453592162 9.76024
1778453592184 9.75576
1778453592204 9.75174
1778453592246 9.74317
1778453592267 9.73859
1778453592294 9.73266
1778453592314 9.72793
1778453592352 9.71992
1778453592372 9.71624
1778453592394 9.71314
1778453592415 9.71119
1778453592436 9.71041
1778453592456 9.71065
1778453592476 9.71181
1778453592497 9.71382
1778453592517 9.71637
1778453592538 9.71938
1778453592558 9.72278
1778453592579 9.72635
1778453592601 9.73052
1778453592621 9.73457
1778453592641 9.73887
1778453592663 9.74372
1778453592683 9.74848
1778453592703 9.7535
1778453592724 9.7585
1778453592744 9.76321
1778453592764 9.76772
1778453592785 9.77199
1778453592805 9.77594
1778453592825 9.77975
1778453592845 9.78359
1778453592865 9.78764
1778453592887 9.79246
1778453592908 9.7979
1778453592929 9.80392
1778453592950 9.81059
1778453592973 9.81862
1778453592993 9.82604
1778453593014 9.83374
1778453593035 9.84181
1778453593055 9.84933
1778453593076 9.85648
1778453593096 9.86333
1778453593116 9.87001
1778453593136 9.87628
1778453593157 9.88229
1778453593178 9.88816
1778453593198 9.89336
1778453593222 9.89884
1778453593242 9.90271
1778453593262 9.90579
1778453593287 9.90846
1778453593308 9.90973
1778453593328 9.91031
1778453593348 9.91042
1778453593368 9.91027
1778453593392 9.91005
1778453593414 9.91
1778453593434 9.91018
1778453593454 9.91056
1778453593474 9.91105
1778453593495 9.91153
1778453593515 9.91181
1778453593536 9.91172
1778453593569 9.9106
1778453593590 9.90919
1778453593610 9.90732
1778453593634 9.90454
1778453593655 9.90159
1778453593675 9.89832
1778453593696 9.89464
1778453593725 9.88839
1778453593745 9.88328
1778453593767 9.87691
1778453593787 9.87017
1778453593808 9.86272
1778453593853 9.84495
1778453593875 9.83625
1778453593900 9.82672
1778453593921 9.81941
1778453593941 9.81299
1778453593962 9.80702
1778453593982 9.80166
1778453594007 9.79554
1778453594028 9.79054
1778453594048 9.78581
1778453594070 9.78079
1778453594091 9.77605
1778453594111 9.77144
1778453594133 9.76646
1778453594153 9.76209
1778453594175 9.75758
1778453594195 9.75352
1778453594215 9.7495
1778453594237 9.74506
1778453594257 9.74074
1778453594278 9.73631
1778453594300 9.73123
1778453594321 9.72653
1778453594341 9.72214
1778453594369 9.71674
1778453594403 9.71219
1778453594423 9.71077
1778453594444 9.71038
1778453594466 9.71113
1778453594486 9.71269
1778453594506 9.71495
1778453594528 9.71792
1778453594548 9.72111
1778453594569 9.72458
1778453594589 9.72829
1778453594611 9.73243
1778453594633 9.73706
1778453594653 9.74157
1778453594674 9.74627
1778453594694 9.75112
1778453594714 9.756
1778453594736 9.76121
1778453594756 9.76582
1778453594776 9.77016
1778453594799 9.77477
1778453594820 9.77888
1778453594841 9.78279
1778453594864 9.78736
1778453594884 9.79179
1778453594904 9.79681
1778453594925 9.80247
1778453594945 9.80881
1778453594969 9.8171
1778453594989 9.82449
1778453595009 9.83208
1778453595030 9.8398
1778453595051 9.84754
1778453595071 9.85479
1778453595092 9.86207
1778453595113 9.86886
1778453595134 9.87554
1778453595155 9.88171
1778453595175 9.88739
1778453595199 9.89363
1778453595220 9.89834
1778453595240 9.9023
1778453595260 9.90547
1778453595280 9.90783
1778453595301 9.90937
1778453595322 9.9102
1778453595342 9.91043
1778453595362 9.91033
1778453595383 9.91013
1778453595403 9.91
1778453595423 9.91006
1778453595444 9.91034
1778453595464 9.91079
1778453595486 9.91133
1778453595507 9.91173
1778453595530 9.91179
1778453595551 9.91136
1778453595573 9.91036
1778453595593 9.9089
1778453595614 9.90691
1778453595636 9.90426
1778453595667 9.89977
1778453595689 9.8959
1778453595709 9.89186
1778453595729 9.88724
1778453595750 9.88174
1778453595771 9.87557
1778453595796 9.86685
1778453595817 9.85903
1778453595838 9.85105
1778453595860 9.84232
1778453595880 9.83439
1778453595906 9.82481
1778453595926 9.8179
1778453595946 9.81151
1778453595966 9.8058
1778453595986 9.80053
1778453596007 9.79558
1778453596027 9.79081
1778453596052 9.78495
1778453596073 9.78011
1778453596094 9.77534
1778453596125 9.76817
1778453596145 9.76378
1778453596167 9.75922
1778453596187 9.75513
1778453596211 9.7504
1778453596231 9.74633
1778453596252 9.74199
1778453596272 9.73757
1778453596300 9.73117
1778453596321 9.72635
1778453596344 9.7215
1778453596364 9.71761
1778453596387 9.714
1778453596407 9.71179
1778453596428 9.71059
1778453596448 9.71043
1778453596468 9.71125
1778453596488 9.7129
1778453596508 9.71521
1778453596529 9.718
1778453596549 9.72113
1778453596571 9.72496
1778453596591 9.72865
1778453596612 9.73273
1778453596632 9.73693
1778453596658 9.7426
1778453596678 9.74737
1778453596700 9.75271
1778453596720 9.75761
1778453596741 9.76246
1778453596761 9.76705
1778453596782 9.77137
1778453596802 9.77539
1778453596825 9.7798
1778453596847 9.78392
1778453596867 9.78801
1778453596888 9.79267
1778453596908 9.79789
1778453596929 9.80369
1778453596949 9.81016
1778453596969 9.81726
1778453596990 9.82497
1778453597012 9.83315
1778453597035 9.84169
1778453597055 9.84923
1778453597079 9.85782
1778453597104 9.86597
1778453597129 9.87395
1778453597149 9.88006
1778453597180 9.8887
1778453597201 9.89419
1778453597227 9.89984
1778453597247 9.9035
1778453597269 9.90663
1778453597289 9.90862
1778453597314 9.90995
1778453597334 9.91038
1778453597356 9.91038
1778453597376 9.91019
1778453597397 9.91002
1778453597420 9.91003
1778453597440 9.91028
1778453597462 9.91074
1778453597482 9.91124
1778453597502 9.91166
1778453597523 9.91183
1778453597543 9.91159
1778453597564 9.91087
1778453597584 9.90965
1778453597610 9.90731
1778453597630 9.90499
1778453597652 9.90203
1778453597677 9.89813
1778453597698 9.89412
1778453597721 9.88934
1778453597741 9.88435
1778453597763 9.87787
1778453597785 9.87089
1778453597805 9.86358
1778453597836 9.85178
1778453597857 9.84328
1778453597879 9.83481
1778453597899 9.82722
1778453597920 9.81992
1778453597940 9.81327
1778453597963 9.80665
1778453597984 9.80123
1778453598012 9.79429
1778453598033 9.7894
1778453598055 9.78438
1778453598075 9.77965
1778453598105 9.77284
1778453598125 9.76818
1778453598147 9.76343
1778453598168 9.75899
1778453598189 9.75484
1778453598210 9.75052
1778453598230 9.74645
1778453598259 9.74041
1778453598279 9.73597
1778453598301 9.73101
1778453598321 9.72641
1778453598342 9.72198
1778453598362 9.71802
1778453598382 9.7147
1778453598407 9.71181
1778453598430 9.71053
1778453598453 9.71056
1778453598474 9.71167
1778453598495 9.71359
1778453598517 9.71632
1778453598537 9.71929
1778453598557 9.7226
1778453598578 9.72614
1778453598604 9.73103
1778453598624 9.73521
1778453598646 9.73995
1778453598666 9.74456
1778453598690 9.75023
1778453598710 9.75515
1778453598730 9.76002
1778453598751 9.76468
1778453598771 9.76914
1778453598791 9.77325
1778453598812 9.77726
1778453598832 9.78106
1778453598854 9.78535
1778453598876 9.78995
1778453598903 9.79633
1778453598925 9.80262
1778453598949 9.81038
1778453598971 9.818
1778453598994 9.82643
1778453599015 9.83414
1778453599037 9.84258
1778453599058 9.8504
1778453599079 9.85749
1778453599100 9.86475
1778453599128 9.87384
1778453599149 9.87995
1778453599169 9.88578
1778453599189 9.89121
1778453599210 9.89613
1778453599232 9.90088
1778453599253 9.90445
1778453599275 9.9073
1778453599295 9.90903
1778453599316 9.91002
1778453599336 9.9104
1778453599358 9.91037
1778453599378 9.91017
1778453599399 9.91001
1778453599419 9.91002
1778453599439 9.91026
1778453599462 9.91074
1778453599482 9.91124
1778453599504 9.91169
1778453599525 9.91182
1778453599546 9.91153
1778453599572 9.91044
1778453599592 9.90901
1778453599613 9.90701
1778453599633 9.90458
1778453599655 9.90153
1778453599676 9.89829
1778453599696 9.89448
1778453599717 9.89014
1778453599737 9.88528
1778453599759 9.87909
1778453599782 9.87188
1778453599802 9.86478
1778453599822 9.85714
1778453599842 9.84917
1778453599867 9.83949
1778453599887 9.83166
1778453599907 9.82429
1778453599927 9.81743
1778453599947 9.81119
1778453599972 9.80438
1778453599992 9.7992
1778453600014 9.79385
1778453600034 9.78913
1778453600054 9.78446
1778453600074 9.77981
1778453600094 9.77517
1778453600115 9.7705
1778453600137 9.76559
1778453600159 9.76086
1778453600180 9.75661
1778453600200 9.75254
1778453600220 9.74848
1778453600240 9.74437
1778453600261 9.74004
1778453600281 9.73559
1778453600301 9.731
1778453600321 9.72641
1778453600345 9.72127
1778453600365 9.71742
1778453600385 9.71424
1778453600407 9.71182
1778453600433 9.71045
1778453600453 9.71056
1778453600473 9.71161
1778453600494 9.7135
1778453600514 9.71596
1778453600534 9.71887
1778453600555 9.72212
1778453600575 9.72561
1778453600595 9.72937
1778453600615 9.73334
1778453600636 9.73766
1778453600657 9.74232
1778453600679 9.74758
1778453600700 9.75257
1778453600721 9.75776
1778453600743 9.76295
1778453600763 9.76752
1778453600783 9.77173
1778453600804 9.77572
1778453600826 9.77994
1778453600846 9.7838
1778453600867 9.78808
1778453600888 9.79262
1778453600909 9.79807
1778453600929 9.80397
1778453600951 9.8109
1778453600971 9.81801
1778453600992 9.82548
1778453601013 9.83353
1778453601034 9.8413
1778453601055 9.84927
1778453601076 9.85645
1778453601096 9.86356
1778453601118 9.87057
1778453601138 9.87684
1778453601158 9.8828
1778453601179 9.88848
1778453601200 9.8938
1778453601220 9.89842
1778453601241 9.9025
1778453601261 9.90568
1778453601282 9.90796
1778453601302 9.90944
1778453601322 9.9102
1778453601344 9.91043
1778453601364 9.91031
1778453601385 9.91011
1778453601405 9.90999
1778453601426 9.91008
1778453601446 9.91039
1778453601467 9.91086
1778453601488 9.91138
1778453601508 9.91174
1778453601529 9.9118
1778453601549 9.91144
1778453601570 9.91054
1778453601592 9.909
1778453601613 9.90703
1778453601633 9.90464
1778453601654 9.90177
1778453601675 9.89843
1778453601697 9.89437
1778453601718 9.89
1778453601738 9.88512
1778453601758 9.87949
1778453601780 9.87255
1778453601801 9.86535
1778453601821 9.85775
1778453601842 9.84934
1778453601863 9.84097
1778453601885 9.83241
1778453601906 9.82471
1778453601927 9.81743
1778453601949 9.81081
1778453601969 9.80511
1778453601989 9.79988
1778453602010 9.79485
1778453602033 9.78942
1778453602055 9.78427
1778453602075 9.77962
1778453602096 9.77484
1778453602116 9.77025
1778453602137 9.76553
1778453602158 9.76115
1778453602178 9.75699
1778453602199 9.75279
1778453602220 9.74848
1778453602240 9.74435
1778453602261 9.74007
1778453602281 9.73559
1778453602302 9.73081
1778453602323 9.72597
1778453602344 9.72151
1778453602364 9.71755
1778453602385 9.71427
1778453602407 9.71181
1778453602427 9.7106
1778453602448 9.71044
1778453602469 9.7113
1778453602490 9.71303
1778453602510 9.71536
1778453602530 9.71829
1778453602551 9.72151
1778453602572 9.72509
1778453602592 9.72877
1778453602613 9.7329
1778453602634 9.73721
1778453602655 9.74192
1778453602675 9.7466
1778453602696 9.75176
1778453602716 9.75665
1778453602738 9.76171
1778453602759 9.76656
1778453602785 9.77199
1778453602805 9.77595
1778453602846 9.78366
1778453602868 9.78817
1778453602888 9.7927
1778453602913 9.79907
1778453602934 9.80541
1778453602961 9.81445
1778453602988 9.82397
1778453603010 9.83239
1778453603030 9.84001
1778453603056 9.84959
1778453603077 9.85701
1778453603099 9.86426
1778453603119 9.87077
1778453603139 9.87699
1778453603160 9.88316
1778453603180 9.88883
1778453603201 9.89411
1778453603221 9.89867
1778453603242 9.90269
1778453603264 9.90601
1778453603284 9.90818
1778453603304 9.90956
1778453603327 9.91029
1778453603348 9.91042
1778453603368 9.91028
1778453603389 9.91008
1778453603409 9.90999
1778453603431 9.91014
1778453603451 9.91049
1778453603471 9.91097
1778453603491 9.91145
1778453603512 9.91179
1778453603534 9.91176
1778453603554 9.91128
1778453603574 9.91031
1778453603594 9.90879
1778453603615 9.90682
1778453603635 9.90441
1778453603655 9.90159
1778453603675 9.89834
1778453603696 9.89462
1778453603716 9.89041
1778453603736 9.88553
1778453603756 9.88002
1778453603777 9.87363
1778453603799 9.86592
1778453603820 9.85799
1778453603840 9.85003
1778453603860 9.84197
1778453603881 9.83408
1778453603902 9.826
1778453603922 9.819
1778453603943 9.81257
1778453603963 9.80675
1778453603984 9.80126
1778453604004 9.79622
1778453604033 9.78926
1778453604056 9.78399
1778453604080 9.77848
1778453604101 9.77374
1778453604121 9.76916
1778453604141 9.76474
1778453604162 9.76026
1778453604182 9.75613
1778453604203 9.75191
1778453604224 9.74771
1778453604245 9.74345
1778453604267 9.73867
1778453604287 9.73413
1778453604312 9.72859
1778453604343 9.72169
1778453604378 9.71532
1778453604399 9.71261
1778453604419 9.71094
1778453604446 9.71041
1778453604466 9.71113
1778453604494 9.71344
1778453604516 9.71621
1778453604537 9.71925
1778453604557 9.72262
1778453604579 9.72645
1778453604600 9.73026
1778453604621 9.73459
1778453604641 9.73889
1778453604662 9.74354
1778453604682 9.74828
1778453604704 9.75366
1778453604731 9.76005
1778453604752 9.76507
1778453604775 9.77004
1778453604798 9.7747
1778453604819 9.77855
1778453604840 9.78258
1778453604869 9.7884
1778453604889 9.79298
1778453604912 9.79887
1778453604932 9.80479
1778453604959 9.81347
1778453604979 9.82075
1778453605008 9.83163
1778453605035 9.84185
1778453605060 9.8509
1778453605081 9.85828
1778453605101 9.86503
1778453605121 9.87149
1778453605145 9.87881
1778453605167 9.88522
1778453605191 9.89161
1778453605218 9.89802
1778453605238 9.90203
1778453605261 9.90561
1778453605282 9.90797
1778453605303 9.9095
1778453605323 9.91023
1778453605344 9.91043
1778453605364 9.91032
1778453605384 9.91012
1778453605406 9.90999
1778453605426 9.91009
1778453605447 9.9104
1778453605469 9.91092
1778453605489 9.91141
1778453605511 9.91177
1778453605532 9.91178
1778453605554 9.91127
1778453605575 9.91022
1778453605599 9.90838
1778453605619 9.90629
1778453605641 9.90361
1778453605663 9.90036
1778453605683 9.89697
1778453605703 9.89311
1778453605724 9.88853
1778453605744 9.88339
1778453605773 9.87476
1778453605794 9.86773
1778453605814 9.86025
1778453605834 9.85239
1778453605855 9.84432
1778453605875 9.83625
1778453605895 9.82859
1778453605916 9.82129
1778453605936 9.81468
1778453605958 9.80814
1778453605980 9.80217
1778453606000 9.79715
1778453606031 9.78977
1778453606052 9.78501
1778453606072 9.78034
1778453606095 9.77511
1778453606121 9.7691
1778453606141 9.76466
1778453606163 9.76009
1778453606183 9.75591
1778453606210 9.75052
1778453606233 9.74587
1778453606255 9.74131
1778453606276 9.73657
1778453606297 9.73201
1778453606317 9.72739
1778453606337 9.72294
1778453606369 9.71679
1778453606390 9.7136
1778453606410 9.71155
1778453606435 9.71042
1778453606455 9.71063
1778453606477 9.71185
1778453606499 9.71405
1778453606519 9.71663
1778453606542 9.72007
1778453606563 9.72351
1778453606583 9.72709
1778453606620 9.73428
1778453606643 9.73915
1778453606663 9.74375
1778453606683 9.74853
1778453606703 9.75342
1778453606723 9.75828
1778453606743 9.76302
1778453606763 9.76752
1778453606784 9.77175
1778453606813 9.77745
1778453606838 9.78216
1778453606858 9.7862
1778453606890 9.7933
1778453606920 9.80104
1778453606941 9.80758
1778453606963 9.81512
1778453606985 9.82308
1778453607010 9.83255
1778453607033 9.84108
1778453607053 9.84852
1778453607073 9.85574
1778453607096 9.86343
1778453607118 9.87051
1778453607139 9.87706
1778453607159 9.88297
1778453607179 9.88858
1778453607201 9.89408
1778453607222 9.89889
1778453607246 9.90342
1778453607267 9.90634
1778453607289 9.90859
1778453607310 9.90982
1778453607335 9.91039
1778453607356 9.91038
1778453607385 9.9101
1778453607405 9.90999
1778453607426 9.91008
1778453607446 9.91039
1778453607466 9.91085
1778453607486 9.91135
1778453607506 9.91172
1778453607526 9.91182
1778453607547 9.9115
1778453607571 9.9105
1778453607598 9.90846
1778453607621 9.90613
1778453607642 9.90344
1778453607666 9.8999
1778453607691 9.89545
1778453607716 9.89036
1778453607737 9.88526
1778453607760 9.87889
1778453607780 9.87248
1778453607800 9.86542
1778453607821 9.85781
1778453607841 9.8499
1778453607861 9.84182
1778453607881 9.83389
1778453607901 9.82637
1778453607921 9.81931
1778453607942 9.81289
1778453607962 9.80701
1778453607988 9.80018
1778453608008 9.79527
1778453608043 9.78711
1778453608063 9.78246
1778453608085 9.77734
1778453608105 9.77273
1778453608128 9.76766
1778453608148 9.76324
1778453608171 9.75839
1778453608193 9.75399
1778453608215 9.74963
1778453608235 9.74546
1778453608260 9.74016
1778453608280 9.7357
1778453608302 9.73078
1778453608323 9.72612
1778453608346 9.72103
1778453608367 9.71708
1778453608389 9.71374
1778453608414 9.71131
1778453608436 9.7104
1778453608456 9.71067
1778453608477 9.71189
1778453608499 9.714
1778453608536 9.71908
1778453608556 9.72237
1778453608577 9.72604
1778453608598 9.72988
1778453608618 9.73388
1778453608642 9.73895
1778453608664 9.74401
1778453608692 9.75076
1778453608713 9.7558
1778453608735 9.76108
1778453608760 9.76678
1778453608785 9.77201
1778453608808 9.77655
1778453608829 9.78044
1778453608858 9.78622
1778453608879 9.79053
1778453608899 9.79547
1778453608922 9.80169
1778453608943 9.80836
1778453608967 9.81658
1778453608991 9.82519
1778453609012 9.83301
1778453609043 9.84489
1778453609073 9.85564
1778453609093 9.86253
1778453609113 9.86912
1778453609137 9.87641
1778453609170 9.88602
1778453609191 9.89157
1778453609213 9.89692
1778453609234 9.90124
1778453609255 9.90473
1778453609281 9.90785
1778453609301 9.90937
1778453609323 9.91021
1778453609343 9.91043
1778453609364 9.91032
1778453609387 9.91009
1778453609409 9.90999
1778453609430 9.91012
1778453609450 9.91047
1778453609476 9.91111
1778453609503 9.91168
1778453609524 9.91183
1778453609544 9.91157
1778453609564 9.91084
1778453609585 9.90958
1778453609605 9.90784
1778453609625 9.90562
1778453609646 9.90296
1778453609666 9.89988
1778453609686 9.89643
1778453609707 9.89242
1778453609729 9.88733
1778453609756 9.8802
1778453609781 9.87235
1778453609802 9.86498
1778453609822 9.85726
1778453609842 9.84929
1778453609863 9.84101
1778453609883 9.83302
1778453609906 9.82464
1778453609926 9.81769
1778453609947 9.81134
1778453609970 9.80484
1778453609990 9.79963
1778453610012 9.79437
1778453610032 9.78964
1778453610052 9.7849
1778453610074 9.77987
1778453610094 9.77516
1778453610123 9.76862
1778453610143 9.76418
1778453610164 9.75984
1778453610186 9.75534
1778453610207 9.7512
1778453610228 9.74697
1778453610248 9.74279
1778453610269 9.73828
1778453610291 9.73338
1778453610312 9.7286
1778453610333 9.7239
1778453610355 9.71923
1778453610376 9.71557
1778453610402 9.71223
1778453610424 9.71072
1778453610446 9.71041
1778453610467 9.71121
1778453610489 9.713
1778453610510 9.71545
1778453610532 9.71846
1778453610553 9.72188
1778453610582 9.72686
1778453610604 9.73112
1778453610629 9.73622
1778453610650 9.74071
1778453610671 9.74566
1778453610691 9.75055
1778453610711 9.75545
1778453610732 9.76028
1778453610754 9.76536
1778453610774 9.76972
1778453610794 9.77384
1778453610815 9.77792
1778453610838 9.78222
1778453610858 9.78623
1778453610879 9.79063
1778453610899 9.79548
1778453610920 9.80106
1778453610940 9.80722
1778453610961 9.81428
1778453610984 9.82262
1778453611004 9.83017
1778453611024 9.8378
1778453611044 9.84532
1778453611065 9.85261
1778453611085 9.85965
1778453611106 9.86671
1778453611126 9.87312
1778453611147 9.87955
1778453611167 9.88535
1778453611188 9.89079
1778453611208 9.89574
1778453611229 9.90029
1778453611253 9.90446
1778453611273 9.90708
1778453611293 9.9089
1778453611313 9.90995
1778453611334 9.91038
1778453611355 9.91039
1778453611377 9.91018
1778453611398 9.91002
1778453611420 9.91003
1778453611441 9.91028
1778453611464 9.9108
1778453611485 9.91133
1778453611508 9.91174
1778453611528 9.91181
1778453611551 9.91137
1778453611572 9.91043
1778453611594 9.90883
1778453611630 9.90495
1778453611651 9.90217
1778453611671 9.89902
1778453611692 9.89539
1778453611716 9.89046
1778453611738 9.88505
1778453611764 9.87759
1778453611788 9.86983
1778453611809 9.86234
1778453611831 9.8537
1778453611852 9.84547
1778453611872 9.83735
1778453611893 9.8294
1778453611913 9.82203
1778453611934 9.81524
1778453611956 9.80872
1778453611976 9.80322
1778453611997 9.79803
1778453612018 9.79295
1778453612038 9.78824
1778453612058 9.78357
1778453612080 9.7786
1778453612109 9.77182
1778453612130 9.76717
1778453612150 9.76281
1778453612173 9.75804
1778453612194 9.75379
1778453612216 9.74926
1778453612237 9.74511
1778453612259 9.74034
1778453612283 9.73522
1778453612303 9.73064
1778453612323 9.72609
1778453612351 9.72007
1778453612371 9.71639
1778453612392 9.71339
1778453612412 9.7114
1778453612434 9.71043
1778453612455 9.7106
1778453612476 9.71181
1778453612499 9.71406
1778453612521 9.71688
1778453612543 9.72025
1778453612563 9.7236
1778453612590 9.72836
1778453612611 9.7325
1778453612631 9.73667
1778453612656 9.74222
1778453612676 9.74693
1778453612701 9.75285
1778453612722 9.75795
1778453612742 9.76274
1778453612763 9.76745
1778453612784 9.77177
1778453612806 9.77625
1778453612827 9.78006
1778453612847 9.78399
1778453612868 9.78813
1778453612888 9.7927
1778453612908 9.79784
1778453612928 9.80367
1778453612955 9.81222
1778453612975 9.81933
1778453612996 9.82702
1778453613019 9.8357
1778453613040 9.84354
1778453613068 9.85392
1778453613108 9.8674
1778453613130 9.87431
1778453613153 9.88136
1778453613183 9.88956
1778453613206 9.89531
1778453613231 9.90068
1778453613254 9.90464
1778453613278 9.90762
1778453613306 9.90966
1778453613329 9.91033
1778453613351 9.91041
1778453613371 9.91024
1778453613391 9.91005
1778453613413 9.91
1778453613433 9.91016
1778453613455 9.91057
1778453613475 9.91107
1778453613495 9.91153
1778453613516 9.91181
1778453613539 9.91167
1778453613559 9.91106
1778453613579 9.90994
1778453613600 9.90832
1778453613620 9.90623
1778453613640 9.9037
1778453613660 9.90079
1778453613681 9.89733
1778453613701 9.8935
1778453613726 9.88806
1778453613749 9.88208
1778453613769 9.87599
1778453613792 9.86855
1778453613812 9.86116
1778453613832 9.85334
1778453613852 9.84533
1778453613875 9.83605
1778453613896 9.82844
1778453613916 9.82127
1778453613936 9.81453
1778453613956 9.80856
1778453613977 9.803
1778453613997 9.79786
1778453614020 9.79246
1778453614040 9.78773
1778453614060 9.783
1778453614081 9.77821
1778453614104 9.77295
1778453614124 9.76836
1778453614145 9.76389
1778453614165 9.75963
1778453614185 9.75553
1778453614206 9.75137
1778453614227 9.74719
1778453614247 9.74296
1778453614270 9.73799
1778453614290 9.73347
1778453614313 9.72825
1778453614334 9.72359
1778453614357 9.7189
1778453614378 9.71531
1778453614398 9.71268
1778453614418 9.71102
1778453614438 9.71038
1778453614459 9.71076
1778453614479 9.71204
1778453614499 9.71405
1778453614520 9.71679
1778453614541 9.71996
1778453614563 9.72358
1778453614584 9.7274
1778453614605 9.73127
1778453614625 9.73538
1778453614647 9.74015
1778453614668 9.74492
1778453614689 9.74999
1778453614709 9.75494
1778453614729 9.75978
1778453614752 9.765
1778453614772 9.76941
1778453614792 9.77352
1778453614815 9.77786
1778453614835 9.78168
1778453614855 9.78561
1778453614876 9.78992
1778453614896 9.79467
1778453614917 9.80024
1778453614939 9.80698
1778453614959 9.8137
1778453614980 9.82119
1778453615000 9.82876
1778453615021 9.83639
1778453615041 9.84395
1778453615061 9.8514
1778453615082 9.8587
1778453615104 9.86602
1778453615124 9.87244
1778453615144 9.87864
1778453615165 9.88456
1778453615185 9.89012
1778453615208 9.89579
1778453615228 9.90018
1778453615250 9.90403
1778453615270 9.90678
1778453615291 9.90872
1778453615313 9.90993
1778453615333 9.91038
1778453615355 9.91039
1778453615375 9.9102
1778453615395 9.91003
1778453615416 9.91001
1778453615436 9.91022
1778453615457 9.91064
1778453615478 9.91114
1778453615498 9.91159
1778453615520 9.91182
1778453615540 9.91166
1778453615562 9.91094
1778453615582 9.90974
1778453615603 9.90799
1778453615624 9.90576
1778453615645 9.90302
1778453615665 9.89997
1778453615686 9.89647
1778453615707 9.89233
1778597825234 9.91046
1778597825254 9.91094
1778597825274 9.91143
1778597825296 9.91179
1778597825317 9.91177
1778597825338 9.91126
1778597825359 9.9102
1778597825382 9.90849
1778597825403 9.90635
1778597825424 9.90364
1778597825453 9.89934
1778597825481 9.89439
1778597825505 9.88909
1778597825526 9.8839
1778597825550 9.87693
1778597825574 9.86915
1778597825595 9.86139
1778597825621 9.85132
1778597825641 9.84317
1778597825663 9.83475
1778597825685 9.82637
1778597825705 9.81935
1778597825725 9.81293
1778597825746 9.80689
1778597825766 9.8015
1778597825787 9.7965
1778597825807 9.79167
1778597825832 9.78587
1778597825852 9.78121
1778597825876 9.77567
1778597825896 9.77107
1778597825916 9.76659
1778597825940 9.76158
1778597825960 9.75737
1778597825987 9.75187
1778597826010 9.74723
1778597826031 9.7429
1778597826054 9.73796
1778597826074 9.73345
1778597826096 9.72856
1778597826116 9.72395
1778597826137 9.71962
1778597826161 9.71548
1778597826189 9.71197
1778597826210 9.71065
1778597826236 9.71053
1778597826260 9.71184
1778597826286 9.71447
1778597826308 9.71742
1778597826332 9.72113
1778597826354 9.72484
1778597826377 9.72895
1778597826398 9.73317
1778597826419 9.73754
1778597826442 9.74268
1778597826462 9.74745
1778597826483 9.75239
1778597826504 9.75755
1778597826532 9.76414
1778597826553 9.76865
1778597826573 9.77284
1778597826594 9.77699
1778597826615 9.7809
1778597826635 9.7848
1778597826655 9.78895
1778597826675 9.79358
1778597826696 9.79904
1778597826718 9.80555
1778597826739 9.81222
1778597826759 9.81932
1778597826780 9.827
1778597826802 9.83538
1778597826823 9.84323
1778597826844 9.85085
1778597826864 9.85811
1778597826884 9.86492
1778597826905 9.87141
1778597826925 9.87782
1778597826949 9.88462
1778597826969 9.89015
1778597826989 9.8952
1778597827010 9.8997
1778597827031 9.90351
1778597827052 9.90647
1778597827072 9.90853
1778597827092 9.90975
1778597827113 9.91033
1778597827134 9.91041
1778597827154 9.91025
1778597827174 9.91006
1778597827195 9.90999
1778597827215 9.91014
1778597827238 9.91056
1778597827258 9.91106
1778597827281 9.91158
1778597827301 9.91182
1778597827322 9.9117
1778597827342 9.91112
1778597827363 9.90997
1778597827384 9.90831
1778597827404 9.90616
1778597827424 9.90364
1778597827445 9.90069
1778597827465 9.89731
1778597827486 9.89339
1778597827506 9.88892
1778597827527 9.88356
1778597827548 9.87749
1778597827570 9.87061
1778597827590 9.86337
1778597827610 9.85559
1778597827631 9.84744
1778597827651 9.83928
1778597827671 9.83149
1778597827692 9.82383
1778597827712 9.81701
1778597827742 9.80818
1778597827765 9.80182
1778597827789 9.79604
1778597827816 9.78946
1778597827837 9.78481
1778597827860 9.77927
1778597827880 9.77465
1778597827901 9.77007
1778597827923 9.76511
1778597827947 9.75994
1778597827977 9.75385
1778597827998 9.74969
1778597828018 9.74562
1778597828039 9.74117
1778597828063 9.73587
1778597828084 9.73118
1778597828106 9.72621
1778597828128 9.72142
1778597828150 9.71716
1778597828170 9.71406
1778597828190 9.71184
1778597828216 9.71046
1778597828237 9.71056
1778597828262 9.71198
1778597828286 9.71438
1778597828307 9.71725
1778597828329 9.72059
1778597828350 9.72417
1778597828372 9.72802
1778597828397 9.73294
1778597828421 9.73789
1778597828442 9.74256
1778597828462 9.74726
1778597828482 9.75224
1778597828510 9.75897
1778597828537 9.76515
1778597828560 9.77012
1778597828581 9.77438
1778597828602 9.7784
1778597828626 9.78301
1778597828646 9.78706
1778597828667 9.79158
1778597828688 9.79677
1778597828709 9.80273
1778597828729 9.80906
1778597828756 9.81818
1778597828776 9.8257
1778597828801 9.83495
1778597828825 9.84417
1778597828846 9.85175
1778597828876 9.86197
1778597828896 9.86858
1778597828919 9.87583
1778597828946 9.88381
1778597828968 9.88992
1778597828988 9.89497
1778597829010 9.8998
1778597829032 9.90367
1778597829052 9.9065
1778597829077 9.9089
1778597829098 9.90998
1778597829125 9.91042
1778597829149 9.9103
1778597829170 9.9101
1778597829191 9.90999
1778597829212 9.9101
1778597829233 9.91045
1778597829262 9.91115
1778597829282 9.9116
1778597829302 9.91182
1778597829325 9.91162
1778597829346 9.91092
1778597829370 9.90946
1778597829391 9.90762
1778597829416 9.90479
1778597829437 9.90181
1778597829458 9.8985
1778597829479 9.89472
1778597829499 9.89054
1778597829523 9.88477
1778597829543 9.8791
1778597829564 9.8725
1778597829584 9.86545
1778597829604 9.85787
1778597829625 9.84961
1778597829646 9.84119
1778597829667 9.83306
1778597829687 9.82549
1778597829708 9.81857
1778597829728 9.81216
1778597829748 9.80641
1778597829768 9.80102
1778597829789 9.79605
1778597829810 9.79095
1778597829830 9.78621
1778597829851 9.78151
1778597829871 9.77685
1778597829891 9.77221
1778597829911 9.76771
1778597829933 9.763
1778597829953 9.75875
1778597829973 9.75463
1778597829993 9.75062
1778597830014 9.74642
1778597830034 9.74221
1778597830055 9.73777
1778597830075 9.73318
1778597830098 9.728
1778597830119 9.72342
1778597830139 9.71916
1778597830160 9.71563
1778597830180 9.71291
1778597830201 9.7111
1778597830222 9.71038
1778597830242 9.71074
1778597830262 9.71201
1778597830283 9.71407
1778597830303 9.71667
1778597830323 9.7197
1778597830344 9.72305
1778597830364 9.72663
1778597830384 9.73043
1778597830405 9.73457
1778597830425 9.73885
1778597830447 9.74383
1778597830468 9.74869
1778597830488 9.75359
1778597830509 9.75867
1778597830529 9.7634
1778597830549 9.76797
1778597830570 9.77217
1778597830590 9.77615
1778597830611 9.78016
1778597830631 9.78403
1778597830651 9.78813
1778597830672 9.79269
1778597830692 9.79782
1778597830712 9.80372
1778597830733 9.81035
1778597830756 9.81815
1778597830776 9.82556
1778597830796 9.83313
1778597830816 9.8407
1778597830836 9.84813
1778597830856 9.85542
1778597830877 9.86246
1778597830897 9.86905
1778597830918 9.87545
1778597830938 9.88165
1778597830959 9.88744
1778597830981 9.8932
1778597831001 9.89787
1778597831021 9.90192
1778597831042 9.9052
1778597831062 9.90765
1778597831082 9.90924
1778597831105 9.91018
1778597831125 9.91042
1778597831146 9.91034
1778597831166 9.91013
1778597831187 9.91
1778597831209 9.91007
1778597831230 9.91038
1778597831250 9.91084
1778597831270 9.91134
1778597831291 9.91173
1778597831311 9.91181
1778597831332 9.91147
1778597831352 9.91065
1778597831372 9.90932
1778597831392 9.90746
1778597831412 9.90519
1778597831434 9.90229
1778597831454 9.89916
1778597831475 9.89552
1778597831495 9.89146
1778597831516 9.88653
1778597831536 9.88112
1778597831556 9.87501
1778597831577 9.86796
1778597831597 9.86054
1778597831618 9.85237
1778597831638 9.84434
1778597831658 9.8364
1778597831679 9.82873
1778597831699 9.82149
1778597831719 9.81492
1778597831740 9.80873
1778597831760 9.80325
1778597831780 9.79808
1778597831800 9.79324
1778597831821 9.78851
1778597831841 9.78382
1778597831861 9.77911
1778597831882 9.77437
1778597831902 9.76975
1778597831922 9.76532
1778597831942 9.76097
1778597831963 9.75681
1778597831983 9.75263
1778597832004 9.74857
1778597832026 9.74391
1778597832047 9.73942
1778597832069 9.73472
1778597832089 9.73004
1778597832110 9.72542
1778597832130 9.72109
1778597832153 9.7167
1778597832173 9.7137
1778597832194 9.71157
1778597832215 9.71049
1778597832236 9.71052
1778597832256 9.7115
1778597832276 9.71328
1778597832296 9.71567
1778597832317 9.71866
1778597832337 9.72186
1778597832357 9.72535
1778597832377 9.72905
1778597832398 9.73317
1778597832419 9.73752
1778597832439 9.74205
1778597832459 9.74676
1778597832480 9.75162
1778597832500 9.75666
1778597832522 9.76179
1778597832542 9.76643
1778597832563 9.77082
1778597832584 9.77505
1778597832604 9.77888
1778597832625 9.78278
1778597832645 9.78684
1778597832666 9.79142
1778597832687 9.7966
1778597832709 9.80268
1778597832729 9.80904
1778597832749 9.81595
1778597832771 9.82395
1778597832792 9.83189
1778597832814 9.83983
1778597832834 9.84754
1778597832855 9.85476
1778597832878 9.86282
1778597832898 9.86947
1778597832920 9.87608
1778597832940 9.88208
1778597832960 9.88774
1778597832983 9.89356
1778597833004 9.89839
1778597833025 9.90249
1778597833046 9.90581
1778597833068 9.9082
1778597833089 9.90962
1778597833112 9.91031
1778597833134 9.91041
1778597833160 9.9102
1778597833180 9.91002
1778597833210 9.91008
1778597833230 9.9104
1778597833257 9.91103
1778597833281 9.91157
1778597833301 9.91182
1778597833327 9.91158
1778597833351 9.91066
1778597833372 9.90933
1778597833392 9.90752
1778597833413 9.90506
1778597833438 9.90168
1778597833458 9.89847
1778597833478 9.89484
1778597833498 9.89069
1778597833519 9.88591
1778597833539 9.88042
1778597833559 9.87425
1778597833579 9.86738
1778597833599 9.85993
1778597833619 9.85206
1778597833639 9.84398
1778597833660 9.83592
1778597833683 9.82718
1778597833706 9.81895
1778597833727 9.81252
1778597833748 9.80635
1778597833770 9.80073
1778597833790 9.79577
1778597833810 9.79089
1778597833830 9.78624
1778597833850 9.78159
1778597833873 9.77626
1778597833898 9.77063
1778597833918 9.76618
1778597833940 9.76146
1778597833962 9.75692
1778597833985 9.75238
1778597834005 9.74829
1778597834027 9.74381
1778597834047 9.73946
1778597834067 9.73501
1778597834090 9.72975
1778597834111 9.72506
1778597834132 9.72068
1778597834153 9.7167
1778597834174 9.71359
1778597834197 9.7113
1778597834218 9.71043
1778597834250 9.71115
1778597834271 9.71276
1778597834295 9.71553
1778597834319 9.71908
1778597834341 9.72249
1778597834362 9.72624
1778597834385 9.73061
1778597834406 9.73472
1778597834426 9.73903
1778597834448 9.74412
1778597834469 9.74907
1778597834489 9.75401
1778597834511 9.75912
1778597834531 9.7638
1778597834551 9.76827
1778597834572 9.77264
1778597834594 9.77691
1778597834628 9.78343
1778597834650 9.78783
1778597834673 9.79303
1778597834695 9.79868
1778597834716 9.80488
1778597834740 9.81263
1778597834761 9.82014
1778597834782 9.82782
1778597834802 9.83566
1778597834825 9.84412
1778597834855 9.85491
1778597834877 9.86259
1778597834901 9.87038
1778597834929 9.87905
1778597834950 9.88511
1778597834971 9.89077
1778597834994 9.89629
1778597835015 9.90079
1778597835042 9.90522
1778597835062 9.90765
1778597835083 9.90929
1778597835103 9.91013
1778597835131 9.91042
1778597835161 9.91018
1778597835183 9.91001
1778597835207 9.91006
1778597835229 9.91038
1778597835249 9.91084
1778597835271 9.91136
1778597835291 9.91173
1778597835316 9.91178
1778597835336 9.91134
1778597835356 9.91041
1778597835376 9.90895
1778597835397 9.90696
1778597835418 9.90446
1778597835440 9.90145
1778597835462 9.89792
1778597835482 9.89411
1778597835513 9.88721
1778597835534 9.8817
1778597835554 9.87567
1778597835578 9.86756
1778597835599 9.85977
1778597835621 9.85125
1778597835641 9.8431
1778597835662 9.83515
1778597835682 9.82755
1778597835703 9.82023
1778597835723 9.81375
1778597835743 9.80786
1778597835763 9.80243
1778597835783 9.79737
